,index,1-stage,1-gc,1-points,1-youth,2-stage,2-gc,2-points,2-kom,3-stage,3-gc,3-points,3-kom,4-stage,4-gc,4-points,4-kom,5-stage,5-gc,5-points,5-kom,6-stage,6-gc,6-points,6-kom,7-stage,7-gc,7-points,7-kom,8-stage,8-gc,8-points,8-kom,9-stage,9-gc,9-points,9-kom,10-stage,10-gc,10-points,10-kom,11-stage,11-gc,11-points,11-kom,12-stage,12-gc,12-points,12-kom,13-stage,13-gc,13-points,13-kom,14-stage,14-gc,14-points,14-kom,15-stage,15-gc,15-points,15-kom,16-stage,16-gc,16-points,16-kom,17-stage,17-gc,17-points,17-kom,18-stage,18-gc,18-points,18-kom,19-stage,19-gc,19-points,19-kom,20-stage,20-gc,20-points,20-kom,21-stage,21-gc,21-points,21-kom,14-youth,15-youth,16-youth,17-youth,18-youth,19-youth,20-youth,21-youth,6-youth,7-youth,8-youth,9-youth,10-youth,11-youth,12-youth,13-youth,4-youth,5-youth,3-youth,2-youth,team,1-teams,2-teams,3-teams,4-teams,5-teams,6-teams,7-teams,8-teams,9-teams,10-teams,11-teams,12-teams,13-teams,14-teams,15-teams,16-teams,17-teams,18-teams,19-teams,20-teams,21-teams,year
0,Ganna Filippo,1,1,1,1,20,1,6,1,51,1,8,1,115,91,12,23,167,105,16,29,79,92,17,24,81,90,19,24,167,107,21,30,156,117,24,33,110,120,28,34,129,123,31,36,157,122,33,35,38,122,36,35,151,124,39,36,17,123,43,36,109,124,47,38,129,124,46,37,24,122,48,36,76,119,51,35,131,120,51,35,1,118,29,35,,,,,,,,,,,,,,,,,,,,,INEOS Grenadiers,,2,2,2,2,2,2,1,1,1,1,1,1,1,2,2,1,2,1,1,1,2021
1,Affini Edoardo,2,2,2,2,101,2,8,2,131,116,11,32,110,132,14,39,151,131,19,38,91,124,23,37,177,127,24,38,98,125,28,38,117,122,30,35,150,129,38,38,157,134,43,39,100,132,43,38,2,132,6,38,75,115,6,34,72,114,6,35,107,114,7,36,124,117,7,36,122,116,10,35,127,116,11,33,128,117,12,33,3,113,9,33,38,37,42,47,45,47,50,50,,,,,,,,,,,,,Team Jumbo-Visma,,1,1,9,9,9,9,9,9,9,8,7,7,5,7,4,2,5,3,2,2,2021
2,Foss Tobias,3,3,3,3,100,3,11,3,50,2,15,2,37,31,17,8,43,28,21,7,15,18,24,6,22,18,26,6,25,18,30,6,18,18,35,6,37,18,42,6,16,9,46,4,37,9,46,4,52,9,46,4,27,11,48,5,52,10,52,5,10,9,54,4,11,9,57,5,67,9,60,5,9,9,57,5,12,9,57,5,12,9,57,5,,,,,,,,,,,,,,,,,,,,,Team Jumbo-Visma,,1,1,9,9,9,9,9,9,9,8,7,7,5,7,4,2,5,3,2,2,2021
3,Almeida João,4,4,4,4,50,5,14,5,34,4,19,4,49,42,23,12,40,38,26,10,16,28,30,10,32,26,32,10,10,25,34,9,10,23,36,8,51,23,43,8,28,17,47,7,33,16,47,7,47,16,47,7,18,14,49,7,70,13,53,7,6,10,39,5,2,8,22,4,41,8,26,4,2,8,16,4,5,8,14,4,5,6,12,4,,,19,9,8,8,6,6,,,,,,,,,,,,,Deceuninck - Quick Step,,3,3,8,8,6,5,5,5,5,7,6,6,7,8,10,10,9,9,8,8,2021
4,Cavagna Rémi,5,5,5,,79,6,16,,62,5,20,,89,69,26,,35,64,28,,131,83,34,,21,79,36,,93,80,42,,95,86,48,,91,80,55,,63,82,58,,90,79,59,,68,78,59,,72,75,60,,109,76,64,,63,69,69,,140,75,71,,9,66,54,,116,66,54,,129,70,54,,2,68,35,,,,,,46,48,51,51,,,,,,,,,,,,,Deceuninck - Quick Step,,3,3,8,8,6,5,5,5,5,7,6,6,7,8,10,10,9,9,8,8,2021
5,Van Emden Jos,6,6,6,,60,7,19,,136,118,26,,140,136,32,,29,134,36,,77,123,42,,101,120,44,,87,110,50,,80,100,55,,80,93,60,,73,89,63,,146,97,67,,50,94,67,,94,99,71,,DNF,,,,,,,,,,,,,,,,,,,,,,,,,,,,,,,,,,,,,,,,,,,,,,,,Team Jumbo-Visma,,1,1,9,9,9,9,9,9,9,8,7,7,5,7,4,2,5,3,2,2,2021
6,Evenepoel Remco,7,7,7,5,104,4,21,4,79,3,28,3,16,8,35,3,60,7,39,3,4,2,21,2,50,2,22,2,13,2,26,2,4,2,20,2,63,2,22,2,26,7,23,3,40,7,22,3,41,7,27,3,19,8,30,3,60,7,32,3,58,19,34,7,132,27,35,8,DNS,,,,,,,,,,,,,,,,12,13,18,20,,,,,17,17,20,10,10,10,9,9,,,,,Deceuninck - Quick Step,,3,3,8,8,6,5,5,5,5,7,6,6,7,8,10,10,9,9,8,8,2021
7,Walscheid Max,8,8,8,,82,8,24,,151,144,33,,131,146,43,,105,141,45,,161,148,55,,77,146,58,,148,150,63,,157,155,69,,119,154,73,,94,151,76,,109,146,78,,17,146,79,,143,145,80,,10,124,76,,129,126,81,,149,129,80,,111,126,84,,140,126,86,,134,128,86,,6,124,68,,,,,,,,,,,,,,,,,,,,,,Team Qhubeka ASSOS,,5,5,18,18,20,20,21,21,22,22,22,22,22,22,22,22,22,22,21,21,2021
8,Brändle Matthias,9,9,9,,113,9,26,,159,153,39,,143,153,51,,103,152,52,,139,160,64,,128,159,68,,84,140,71,,146,144,79,,15,138,72,,82,139,75,,132,135,77,,64,135,78,,134,134,79,,149,136,79,,121,135,84,,103,133,84,,140,131,88,,135,131,81,,137,130,81,,16,130,83,,,,,,,,,,,,,,,,,,,,,,Israel Start-Up Nation,,4,4,7,7,13,13,13,15,15,16,17,17,16,16,17,17,16,17,17,17,2021
9,Moscon Gianni,10,10,10,,55,10,30,,14,6,41,,23,17,54,,16,15,55,,27,21,68,,13,21,48,,14,20,54,,16,19,60,,14,19,53,,21,15,55,,47,14,56,,46,14,56,,60,24,58,,22,22,62,,65,26,66,,15,21,64,,26,22,68,,69,22,69,,56,25,70,,9,24,62,,,,,22,20,20,27,27,,,,,,,,,,,,,INEOS Grenadiers,,2,2,2,2,2,2,1,1,1,1,1,1,1,2,2,1,2,1,1,1,2021
10,Vlasov Aleksandr,11,11,,6,47,11,,6,41,7,,5,13,7,,2,21,6,,2,10,4,67,4,42,4,71,4,11,4,75,4,3,3,32,3,13,3,31,3,13,2,35,2,28,2,39,2,28,2,41,2,16,4,41,2,27,4,45,2,7,4,43,2,17,4,42,2,45,4,43,2,5,4,31,2,7,4,30,2,19,4,31,2,13,14,15,17,16,11,14,14,,,,11,11,11,10,10,,,,,Astana - Premier Tech,,6,6,11,11,10,10,11,10,10,9,8,8,10,11,8,6,4,5,4,4,2021
11,Bettiol Alberto,12,12,,,68,12,,,8,8,32,,21,9,41,,47,8,43,,72,46,52,,161,50,54,,73,51,59,,20,44,64,,42,43,68,,20,31,72,,86,35,74,,69,35,75,,66,43,76,,47,41,77,,57,39,82,,20,33,81,,1,24,8,,77,27,9,,63,30,10,,7,30,10,,,,,,,,,,,,,,,,,,,,,,EF Education - Nippo,,9,9,5,5,5,6,7,6,6,3,5,5,4,6,6,8,8,7,11,11,2021
12,Castroviejo Jonathan,13,13,,,169,13,,,104,9,,,65,53,,,169,57,,,40,43,,,171,45,,,105,52,,,48,46,,,99,44,,,103,53,,,49,53,,,155,53,,,35,42,,,18,40,,,23,31,,,18,28,,,28,27,,,20,24,,,35,23,,,25,23,,,,,,,,,,,,,,,,,,,,,,,INEOS Grenadiers,,2,2,2,2,2,2,1,1,1,1,1,1,1,2,2,1,2,1,1,1,2021
13,Dowsett Alex,14,14,,,66,14,,,158,154,,,141,154,,,104,153,,,143,161,,,129,160,,,83,141,,,144,146,,,158,156,,,147,157,,,DNF,,,,,,,,,,,,,,,,,,,,,,,,,,,,,,,,,,,,,,,,,,,,,,,,,,,,,,,,,,,,Israel Start-Up Nation,,4,4,7,7,13,13,13,15,15,16,17,17,16,16,17,17,16,17,17,17,2021
14,Bodnar Maciej,15,15,,,51,15,,,175,164,,,164,162,,,131,158,,,170,163,,,88,163,,,161,164,,,138,157,,,22,145,,,128,144,,,145,139,,,101,139,,,156,141,,,151,142,,,132,140,,,127,140,,,112,139,,,134,137,,,141,136,,,11,136,,,,,,,,,,,,,,,,,,,,,,,BORA - hansgrohe,,11,11,14,14,12,12,12,12,12,14,14,14,14,14,15,16,17,16,16,16,2021
15,Oliveira Nelson,16,16,,,62,17,,,53,11,,,8,4,40,,19,3,42,,56,37,51,,130,37,53,,4,33,22,,77,37,25,,29,37,29,,33,28,32,,72,27,35,,79,27,38,,8,27,36,,68,26,39,,38,27,41,,37,26,40,,85,26,41,,46,26,43,,59,28,40,,40,27,42,,32,31,36,41,39,41,46,46,,,21,26,26,28,31,31,,,,,Movistar Team,,10,10,12,12,7,8,8,8,8,10,10,10,9,3,5,7,7,8,7,7,2021
16,Ulissi Diego,17,17,,,32,16,,,38,10,,,40,36,,,50,32,,,38,30,,,26,29,,,12,29,,,70,31,61,,24,31,64,,50,30,67,,85,33,70,,78,32,71,,57,38,74,,63,35,75,,41,32,80,,4,29,56,,5,20,30,,24,17,30,,31,17,33,,15,17,34,,49,50,55,28,22,22,30,30,,,,,,,46,46,,,,,UAE Team Emirates,,7,7,3,3,11,11,10,11,11,11,13,13,12,12,12,11,10,11,10,10,2021
17,Kluge Roger,18,18,,,74,18,,,182,165,,,179,181,,,166,182,,,174,178,,,157,177,,,176,176,,,140,172,,,149,172,,,7,152,71,,153,147,73,,18,147,74,,DNF,,,,,,,,,,,,,,,,,,,,,,,,,,,,,,,,,,,,,,,,,,,,,,,,,,,,Lotto Soudal,,14,22,23,23,23,23,23,23,23,21,23,23,23,23,,,,,,,2021
18,De Marchi Alessandro,19,19,,,109,19,,,91,12,,,2,1,10,,42,1,14,,136,58,14,,145,58,16,,104,60,17,,76,63,18,,104,62,19,,68,62,19,,DNF,,,,,,,,,,,,,,,,,,,,,,,,,,,,,,,,,,,,,,,,,,,,,,,,6,6,8,13,13,15,,,4,4,,,Israel Start-Up Nation,,4,4,7,7,13,13,13,15,15,16,17,17,16,16,17,17,16,17,17,17,2021
19,Felline Fabio,20,20,,,53,20,,,17,13,,,157,104,,,32,99,,,65,81,,,11,76,74,,102,82,78,,91,79,82,,49,76,84,,72,77,87,,65,71,89,,22,71,90,,81,76,90,,30,75,89,,39,67,93,,32,65,95,,72,64,97,,54,62,97,,DNS,,,,,,,,56,58,64,67,67,69,,,,30,34,42,45,51,52,52,,,,,Astana - Premier Tech,,6,6,11,11,10,10,11,10,10,9,8,8,10,11,8,6,4,5,4,4,2021
20,Pozzovivo Domenico,21,21,,,133,21,,,75,14,,,25,20,,,62,18,,,86,51,,,DNS,,,,,,,,,,,,,,,,,,,,,,,,,,,,,,,,,,,,,,,,,,,,,,,,,,,,,,,,,,,,,,,,,,,,,,,,,,,,,,,,Team Qhubeka ASSOS,,5,5,18,18,20,20,21,21,22,22,22,22,22,22,22,22,22,22,21,21,2021
21,Conti Valerio,22,22,,,140,22,,,103,15,,,116,99,,,108,92,,,105,101,,,158,104,,,122,111,,,102,112,,,88,108,,,160,117,,,161,115,,,130,115,,,147,117,,,142,117,,,116,121,,,35,106,79,,133,104,83,,45,95,85,,58,90,85,,67,89,87,,,,,,,,,,,,,,,,,,,,,,UAE Team Emirates,,7,7,3,3,11,11,10,11,11,11,13,13,12,12,12,11,10,11,10,10,2021
22,Tratnik Jan,23,24,,,108,24,,,122,119,,,5,63,25,,174,79,29,,162,91,35,,149,92,37,,144,106,43,,89,96,49,,126,101,56,,114,102,59,,114,108,62,,21,108,62,,2,74,19,,31,74,20,,95,75,20,,125,81,21,,32,81,25,,42,73,27,,64,72,28,,8,70,25,,5,6,8,10,9,10,15,15,20,20,25,31,32,35,39,39,11,11,,,Bahrain - Victorious,,8,8,1,1,1,1,2,4,4,6,9,9,8,9,9,9,11,10,9,9,2021
23,Campenaerts Victor,24,23,,,46,23,,,32,16,,,97,71,,,100,67,,,130,85,,,70,82,,,7,69,56,,168,93,62,,143,99,66,,112,101,69,,116,107,61,,20,105,61,,142,110,64,,1,89,19,,150,104,19,,DNS,,,,,,,,,,,,,,,,,,,,,39,44,,,,,,,,,,,,,,,,,,Team Qhubeka ASSOS,,5,5,18,18,20,20,21,21,22,22,22,22,22,22,22,22,22,22,21,21,2021
24,Caruso Damiano,25,25,,,111,25,,,49,17,,,22,12,,,55,11,,,6,7,39,,28,7,41,,15,6,47,,6,7,33,,64,7,40,,14,3,44,,27,3,44,,32,3,44,,10,3,46,,32,3,50,,3,2,32,,5,2,25,,33,2,29,,4,2,23,,1,2,13,,17,2,14,,30,29,5,6,6,7,3,3,25,27,32,22,22,24,27,27,,,,,Bahrain - Victorious,,8,8,1,1,1,1,2,4,4,6,9,9,8,9,9,9,11,10,9,9,2021
25,Dekker David,26,26,,7,18,26,,7,172,166,,46,149,163,,45,26,159,,44,172,164,,46,159,168,,47,172,172,,48,154,169,,47,133,165,,47,93,159,,45,150,154,,43,43,154,,43,DNS,,,,,,,,,,,,,,,,,,,,,,,,,,,,,,,,,,,,,,,,,,,,,,,,,,,,Team Jumbo-Visma,,1,1,9,9,9,9,9,9,9,8,7,7,5,7,4,2,5,3,2,2,2021
26,Honoré Mikkel Frølich,27,27,,8,49,27,,8,26,18,,6,60,54,,15,75,49,,13,50,54,,15,51,52,,15,110,57,,15,142,81,,21,92,78,,20,62,78,,21,9,59,45,15,95,58,45,14,74,61,47,14,153,63,51,15,111,71,55,18,134,76,58,21,40,75,61,21,78,79,61,21,109,81,62,22,34,81,63,22,,,,,,,,,,,,,,,,,,,,,Deceuninck - Quick Step,,3,3,8,8,6,5,5,5,5,7,6,6,7,8,10,10,9,9,8,8,2021
27,Battistella Samuele,28,28,,9,148,28,,9,162,155,,44,144,155,,43,59,154,,43,96,134,,41,142,137,,41,134,142,,42,112,136,,40,94,126,,37,46,115,,33,123,112,,32,108,112,,32,79,107,,31,101,105,,30,80,101,,30,80,97,,27,6,80,58,23,120,87,59,25,81,86,59,25,35,82,59,23,,,,,,,,,,,,,,,,,,,,,Astana - Premier Tech,,6,6,11,11,10,10,11,10,10,9,8,8,10,11,8,6,4,5,4,4,2021
28,Formolo Davide,29,29,,,48,29,,,35,19,,,20,13,,,53,12,,,17,11,,,29,11,,,27,11,,,11,10,,,36,10,,,39,19,,,38,18,,,29,18,,,24,16,,,54,14,,,9,11,85,,49,15,86,,71,14,90,,44,15,91,,22,16,91,,22,15,92,,,,69,72,72,73,74,74,,,,,,,,,,,,,UAE Team Emirates,,7,7,3,3,11,11,10,11,11,11,13,13,12,12,12,11,10,11,10,10,2021
29,Sobrero Matteo,30,30,,10,70,30,,10,24,20,,7,64,55,,16,41,50,,14,80,64,,16,113,63,,16,103,67,,16,94,73,,17,93,73,,17,47,64,,15,77,61,,16,100,60,,15,99,67,,16,61,67,,17,26,57,,14,81,66,,15,48,65,,14,52,63,,14,60,61,,14,4,61,76,14,,,,,,,,,,,,,,,,,,,,,Astana - Premier Tech,,6,6,11,11,10,10,11,10,10,9,8,8,10,11,8,6,4,5,4,4,2021
30,Hepburn Michael,31,31,,,77,31,,,168,168,,,105,151,,,57,148,,,106,141,,,46,134,,,121,136,,,123,140,,,172,151,,,91,150,,,128,145,,,39,145,,,95,140,,,24,140,,,55,122,,,148,123,,,37,121,,,122,120,,,106,119,,,23,120,,,,,,,,,,,,,,,,,,,,,,,Team BikeExchange,,12,12,4,4,3,3,3,2,2,2,4,4,3,4,3,4,6,6,5,5,2021
31,Sivakov Pavel,32,32,,11,45,32,,11,39,21,,8,28,22,,5,182,80,,19,DNS,,,,,,,,,,,,,,,,,,,,,,,,,,,,,,,,,,,,,,,,,,,,,,,,,,,,,,,,,,,,,,,,,,,,,,,,,,,,,,,,,,,,INEOS Grenadiers,,2,2,2,2,2,2,1,1,1,1,1,1,1,2,2,1,2,1,1,1,2021
32,Martínez Daniel Felipe,33,33,,12,57,33,,12,80,22,,9,30,23,,6,61,20,,5,7,12,46,5,33,12,47,5,31,12,53,5,9,11,45,5,68,11,51,5,25,10,53,5,30,10,55,5,51,10,55,5,9,9,52,4,23,8,56,4,13,8,59,3,6,7,51,3,30,7,53,3,7,7,46,3,3,6,31,3,14,5,32,3,,,48,35,33,32,16,16,,,,,,,,,,,,,INEOS Grenadiers,,2,2,2,2,2,2,1,1,1,1,1,1,1,2,2,1,2,1,1,1,2021
33,Jorgenson Matteo,34,34,,13,161,34,,13,95,23,,10,138,105,,30,125,100,,28,119,105,,28,108,107,,30,100,108,,31,101,109,,31,31,104,,28,56,97,,28,163,106,,31,147,107,,31,128,109,,32,91,106,,31,66,98,,28,145,102,83,30,125,101,87,31,87,98,89,28,68,98,89,29,36,98,90,29,,,,,,,,,,,,,,,,,,,,,Movistar Team,,10,10,12,12,7,8,8,8,8,10,10,10,9,3,5,7,7,8,7,7,2021
34,Carthy Hugh,35,35,,,63,35,,,65,25,,,15,10,,,51,9,,,9,6,56,,162,6,59,,23,5,64,,12,6,70,,60,6,74,,18,4,77,,44,4,79,,71,4,80,,14,5,81,,46,5,80,,5,3,58,,21,5,60,,52,5,64,,11,5,65,,8,7,60,,39,8,60,,,,22,25,24,23,29,29,,,,,,,,,,,,,EF Education - Nippo,,9,9,5,5,5,6,7,6,6,3,5,5,4,6,6,8,8,7,11,11,2021
35,Bilbao Pello,36,36,,,78,36,,,57,26,,,33,24,,,52,21,,,24,19,,,48,19,,,45,21,,,29,21,,,66,21,,,38,20,,,58,21,,,132,21,,,37,22,,,86,20,,,24,17,,,9,13,85,,36,12,89,,27,13,90,,17,13,90,,85,13,91,,,,,,,,26,26,,,,,,,,,,,,,Bahrain - Victorious,,8,8,1,1,1,1,2,4,4,6,9,9,8,9,9,9,11,10,9,9,2021
36,Yates Simon,37,37,,,84,37,,,77,27,,,18,16,,,56,14,,,11,10,,,39,10,,,18,9,,,14,9,,,55,9,,,15,5,,,36,5,,,54,5,,,6,2,66,,25,2,67,,11,5,72,,3,3,49,,38,3,51,,1,3,28,,6,3,23,,51,3,23,,35,34,35,14,13,4,5,5,,,,,,,,,,,,,Team BikeExchange,,12,12,4,4,3,3,3,2,2,2,4,4,3,4,3,4,6,6,5,5,2021
37,Mohorič Matej,38,38,,,127,38,,,29,28,,,58,52,,,175,61,,,43,50,33,,16,46,35,,68,49,41,,DNF,,,,,,,,,,,,,,,,,,,,,,,,,,,,,,,,,,,,,,,,,,,,,,,,,,,,,,,,,,,,5,5,7,,,,,,,,,,Bahrain - Victorious,,8,8,1,1,1,1,2,4,4,6,9,9,8,9,9,9,11,10,9,9,2021
38,Masnada Fausto,39,39,,,102,39,,,33,29,,,34,32,,,67,29,,,28,24,,,53,22,,,35,22,,,51,24,,,47,24,,,125,29,,,DNF,,,,,,,,,,,,,,,,,,,,,,,,,,,,,,,,,,,,,,,,,,,,,,,,,,,,,,,,,,,,Deceuninck - Quick Step,,3,3,8,8,6,5,5,5,5,7,6,6,7,8,10,10,9,9,8,8,2021
39,Bernal Egan,40,40,,14,16,40,,14,27,30,,11,11,11,,4,17,10,,4,2,3,15,3,18,3,18,3,17,3,19,3,1,1,11,1,38,1,11,1,11,1,12,1,17,1,14,1,34,1,17,1,4,1,11,1,21,1,11,1,1,1,5,1,7,1,6,1,29,1,7,1,3,1,5,1,2,1,5,1,24,1,5,1,2,2,2,2,2,2,2,2,8,9,11,2,2,2,2,2,,,,,INEOS Grenadiers,,2,2,2,2,2,2,1,1,1,1,1,1,1,2,2,1,2,1,1,1,2021
40,Seigle Romain,41,41,,,80,41,,,163,156,,,94,130,,,94,125,,,83,103,,,24,99,,,115,105,,,109,110,,,112,113,,,54,104,,,155,109,,,60,109,,,85,105,,,51,101,,,61,94,,,106,95,,,108,96,,,102,93,,,62,88,,,28,88,,,,,,,,,,,,,,,,,,,,,,,Groupama - FDJ,,13,13,15,15,16,16,16,13,13,12,12,12,11,10,11,12,12,12,12,12,2021
41,Van Garderen Tejay,42,42,,,96,42,,,92,31,,,113,92,,,170,119,,,88,99,,,163,100,,,74,99,,,84,91,,,137,95,,,122,96,,,63,89,,,150,89,,,69,80,,,108,81,,,98,84,,,100,85,,,54,84,,,71,82,,,104,82,,,118,84,,,,,,,,,,,,,,,,,,,,,,,EF Education - Nippo,,9,9,5,5,5,6,7,6,6,3,5,5,4,6,6,8,8,7,11,11,2021
42,Van Den Berg Julius,43,43,,15,97,43,,15,171,169,,47,152,166,,47,149,169,,46,135,159,,45,160,164,,45,120,156,,45,122,148,,44,148,148,,44,118,149,,44,151,144,,42,73,144,,42,108,139,,41,50,138,,41,97,133,,40,138,132,,39,145,130,,39,126,130,,37,110,126,,36,20,125,,36,,,,,,,,,,,,,,,,,,,,,EF Education - Nippo,,9,9,5,5,5,6,7,6,6,3,5,5,4,6,6,8,8,7,11,11,2021
43,Großschartner Felix,44,44,,,42,44,,,126,120,,,43,70,,,84,65,,,54,63,,,65,60,,,88,62,,,33,51,,,109,55,,,119,59,,,21,55,,,99,55,,,34,45,,,80,43,,,81,45,,,114,59,,,98,58,,,18,51,,,20,44,,,18,42,,,,,,,,,21,21,,,,,,,,,,,,,BORA - hansgrohe,,11,11,14,14,12,12,12,12,12,14,14,14,14,14,15,16,17,16,16,16,2021
44,Izagirre Gorka,45,45,,,90,45,,,31,32,,,63,57,,,34,52,,,62,55,,,40,53,,,51,48,,,63,48,,,52,47,,,32,37,,,22,31,,,48,30,,,38,30,,,38,29,,,8,25,48,,38,24,47,,21,18,49,,37,19,52,,44,20,52,,32,19,53,,,,,,,,,,,,,,,,,,,,,,Astana - Premier Tech,,6,6,11,11,10,10,11,10,10,9,8,8,10,11,8,6,4,5,4,4,2021
45,Roche Nicolas,46,46,,,95,46,,,63,33,,,75,65,,,69,58,,,49,61,,,175,65,,,95,68,,,69,66,,,70,64,,,76,65,,,69,62,,,122,62,,,54,56,,,127,55,,,105,62,,,41,61,,,3,46,27,,79,50,29,,101,59,29,,94,59,30,,,,,,,,,,,,,,,,,,,,,,Team DSM,,15,14,10,10,8,7,6,7,7,5,3,3,6,5,7,5,1,2,3,3,2021
46,Carr Simon,47,47,,16,152,48,,16,138,121,,33,153,137,,40,142,143,,42,133,136,,42,165,145,,43,76,133,,40,50,104,,28,115,107,,29,120,112,,32,59,94,,28,146,97,,28,40,77,,19,106,77,,20,25,65,,16,107,68,,16,57,68,,16,124,68,,17,67,68,,17,47,66,,16,20,20,25,30,28,27,34,34,,,,14,14,16,15,15,,,,,EF Education - Nippo,,9,9,5,5,5,6,7,6,6,3,5,5,4,6,6,8,8,7,11,11,2021
47,Molard Rudy,48,48,,,75,47,,,59,34,,,51,44,,,68,40,,,84,60,,,84,59,,,65,58,,,82,61,,,28,59,,,29,42,,,67,49,,,96,48,,,53,44,,,45,42,,,79,43,,,33,41,,,66,40,,,28,36,,,41,37,,,109,37,,,,,,,,,,,,,,,,,,,,,,,Groupama - FDJ,,13,13,15,15,16,16,16,13,13,12,12,12,11,10,11,12,12,12,12,12,2021
48,Gaviria Fernando,49,49,,,24,49,17,,7,35,13,,137,107,16,,5,102,8,,175,118,8,,6,115,7,,9,94,6,,167,114,6,,2,111,2,,106,113,2,,135,111,2,,5,111,4,,137,114,4,,119,113,3,,146,120,3,,135,122,3,,103,120,3,,60,108,3,,125,109,3,,59,109,3,,,,,,,,,,,,,,,,,,,,,,UAE Team Emirates,,7,7,3,3,11,11,10,11,11,11,13,13,12,12,12,11,10,11,10,10,2021
49,Nibali Vincenzo,50,50,,,34,50,,,46,36,,,27,25,,,36,22,,,18,17,,,31,17,,,30,16,,,21,16,,,25,16,,,24,14,,,15,13,,,40,13,,,45,19,,,62,17,,,17,15,60,,70,20,63,,97,21,67,,23,18,67,,38,18,68,,38,18,70,,,,11,12,11,13,18,18,,,,,,,,,,,,,Trek - Segafredo,,17,15,6,6,4,4,4,3,3,4,2,2,2,1,1,3,3,4,6,6,2021
50,Sagan Peter,51,51,,,5,51,5,,3,24,4,,117,106,4,,4,101,5,,99,106,5,,14,102,6,,157,115,5,,137,121,5,,1,115,1,,85,118,1,,159,117,1,,3,117,1,,148,120,1,,143,119,1,,93,113,1,,128,116,1,,113,115,1,,129,114,1,,142,115,1,,57,117,1,,,,,,,,,,,,,,,,,,,,,,BORA - hansgrohe,,11,11,14,14,12,12,12,12,12,14,14,14,14,14,15,16,17,16,16,16,2021
51,Bennett George,52,52,,,103,52,,,54,37,,,38,34,,,38,30,,,42,31,,,59,31,,,28,31,,,36,29,,,46,29,,,49,27,,,3,23,34,,67,23,37,,7,18,27,,92,16,29,,14,14,31,,10,12,30,,74,11,34,,12,11,35,,15,11,38,,43,11,40,,18,18,23,26,25,24,31,31,,,,38,41,45,20,20,,,,,Team Jumbo-Visma,,1,1,9,9,9,9,9,9,9,8,7,7,5,7,4,2,5,3,2,2,2021
52,Tejada Harold,53,53,,17,149,53,,17,86,38,,12,41,38,,10,39,34,,8,30,26,,9,58,25,,9,55,26,,10,45,27,,9,71,27,,9,127,32,,9,89,37,,10,154,37,,10,78,47,,11,134,45,,11,33,38,,11,78,47,,12,84,48,,11,38,45,,11,19,38,,10,37,36,,9,,,,,,,,,,,,,,,,,,,,,Astana - Premier Tech,,6,6,11,11,10,10,11,10,10,9,8,8,10,11,8,6,4,5,4,4,2021
53,Mollema Bauke,54,54,,,154,54,,,100,39,,,92,72,,,102,68,,,31,39,69,,85,39,72,,62,40,76,,38,34,72,,74,34,76,,64,38,79,,78,39,82,,117,39,83,,5,31,44,,7,23,33,,104,29,35,,44,30,36,,82,29,38,,30,28,40,,39,27,43,,95,28,45,,3,3,3,4,4,5,7,7,16,16,18,4,4,4,4,4,,,,,Trek - Segafredo,,17,15,6,6,4,4,4,3,3,4,2,2,2,1,1,3,3,4,6,6,2021
54,Mäder Gino,55,55,,18,56,55,,18,71,40,,13,35,33,,9,141,36,,9,1,22,9,7,127,24,12,8,58,24,11,8,93,36,12,12,78,36,15,12,170,47,15,13,DNF,,,,,,,,,,,,,,,,,,,,,,,,,,,,,,,,,,,,,,,,,,,,,,,,1,1,1,3,3,3,,,,,,,Bahrain - Victorious,,8,8,1,1,1,1,2,4,4,6,9,9,8,9,9,9,11,10,9,9,2021
55,Soler Marc,56,56,,,19,56,,,19,41,,,31,26,,,27,23,,,8,13,50,,30,13,52,,16,13,58,,8,12,46,,16,12,52,,22,11,54,,DNF,,,,,,,,,,,,,,,,,,,,,,,,,,,,,,,,,,,,,,,,,,,,,,,,,,,37,39,43,,,,,,,Movistar Team,,10,10,12,12,7,8,8,8,8,10,10,10,9,3,5,7,7,8,7,7,2021
56,Arndt Nikias,57,57,,,43,57,,,21,42,,,129,108,,,24,103,,,93,98,,,78,95,,,3,78,20,,139,102,23,,11,96,20,,92,99,20,,95,99,19,,36,99,22,,64,88,23,,3,73,15,,89,74,15,,67,72,15,,4,63,9,,62,61,10,,98,62,11,,13,62,13,,23,23,28,33,31,31,37,37,,,10,16,16,18,19,19,,,,,Team DSM,,15,14,10,10,8,7,6,7,7,5,3,3,6,5,7,5,1,2,3,3,2021
57,Riesebeek Oscar,58,58,,,168,58,,,161,157,,,161,156,,,154,165,,,95,142,,,123,144,,,139,148,,,79,116,,,123,123,,,71,121,,,127,119,,,153,119,,,141,121,,,2,104,40,,143,109,42,,116,112,41,,142,111,42,,136,112,44,,96,108,46,,29,104,48,,,41,46,52,51,52,54,54,,,,,,,,,,,,,Alpecin-Fenix,,16,23,22,22,18,18,20,18,18,19,19,19,18,18,18,18,19,19,18,18,2021
58,Meyer Cameron,59,59,,,86,59,,,109,43,,,167,109,,,164,122,,,178,128,,,176,129,,,170,135,,,136,138,,,90,130,,,166,136,,,91,127,,,42,127,,,157,129,,,146,130,,,67,116,,,143,119,,,39,117,,,72,106,,,138,110,,,99,111,,,,,,,,,,,,,,,,,,,,,,,Team BikeExchange,,12,12,4,4,3,3,3,2,2,2,4,4,3,4,3,4,6,6,5,5,2021
59,Kangert Tanel,60,60,,,120,61,,,72,44,,,42,39,,,119,35,,,33,27,,,69,27,,,41,27,,,39,26,,,65,26,,,36,24,,,42,22,,,70,22,,,41,23,,,28,21,,,46,23,,,29,22,,,49,23,,,29,20,,,45,22,,,68,21,,,,,,,,,,,,,,,,,,,,,,,Team BikeExchange,,12,12,4,4,3,3,3,2,2,2,4,4,3,4,3,4,6,6,5,5,2021
60,Schmid Mauro,61,61,,19,88,62,,19,140,123,,34,78,113,,32,138,106,,30,160,120,,35,143,122,57,36,163,129,62,39,106,120,68,34,141,124,71,36,1,92,21,27,162,100,20,29,84,100,23,29,114,101,24,29,154,108,25,32,139,110,27,34,77,107,29,34,147,106,33,33,107,104,34,31,32,92,37,28,119,93,39,28,16,16,20,23,21,21,28,28,,,,,,14,13,13,,,,,Team Qhubeka ASSOS,,5,5,18,18,20,20,21,21,22,22,22,22,22,22,22,22,22,22,21,21,2021
61,Gallopin Tony,62,62,,,142,63,,,89,45,,,81,73,,,114,69,,,47,65,,,92,62,,,91,63,,,40,53,28,,40,51,35,,96,58,39,,73,56,41,,114,56,43,,55,50,43,,145,51,48,,52,52,52,,39,48,54,,92,49,56,,112,56,56,,76,60,56,,104,60,56,,50,52,58,62,62,64,66,66,,,,39,42,47,47,47,,,,,AG2R Citroën Team,,18,16,16,16,17,17,17,17,17,17,15,15,17,17,16,15,15,15,15,15,2021
62,Leysen Senne,63,63,,20,166,64,,20,173,170,,48,134,167,,48,123,161,,45,121,155,,44,104,152,,44,123,153,,44,108,139,,42,132,140,,40,98,140,,41,117,136,,40,94,136,,40,119,133,,39,58,133,,39,45,111,,35,98,110,,35,102,109,,34,88,105,,32,52,101,,31,44,101,,31,,,,,,,,,,,,,,,,,,,,,Alpecin-Fenix,,16,23,22,22,18,18,20,18,18,19,19,19,18,18,18,18,19,19,18,18,2021
63,Richeze Maximiliano,64,64,,,23,65,27,,150,146,38,,175,175,52,,20,170,53,,177,170,65,,56,166,69,,151,165,73,,170,162,80,,134,159,82,,161,162,85,,134,156,86,,24,156,87,,153,154,87,,147,150,86,,145,150,91,,136,147,92,,22,140,85,,131,138,87,,132,137,87,,80,137,88,,,,,,,,,,,,,,,,,,,,,,UAE Team Emirates,,7,7,3,3,11,11,10,11,11,11,13,13,12,12,12,11,10,11,10,10,2021
64,Bevin Patrick,65,65,,,39,66,,,5,46,21,,57,50,24,,18,44,27,,44,41,32,,103,42,34,,69,42,40,,99,60,47,,34,58,54,,87,63,56,,62,57,57,,45,57,57,,56,53,59,,49,52,63,,56,54,67,,43,52,69,,17,36,74,,84,46,75,,61,49,75,,52,48,77,,,,,,53,54,56,56,,,,,,,,,,,,,Israel Start-Up Nation,,4,4,7,7,13,13,13,15,15,16,17,17,16,16,17,17,16,17,17,17,2021
65,Molano Juan Sebastián,66,66,,,11,67,20,,133,124,27,,163,139,33,,28,136,37,,176,146,45,,10,141,25,,164,147,29,,160,150,31,,10,143,27,,162,146,30,,137,141,32,,23,141,26,,152,142,29,,9,122,24,,144,130,26,,137,130,28,,110,127,32,,132,125,33,,133,125,32,,45,126,33,,,,,,,,,,,,,,,,,,,,,,UAE Team Emirates,,7,7,3,3,11,11,10,11,11,11,13,13,12,12,12,11,10,11,10,10,2021
66,Reichenbach Sébastien,67,67,,,180,157,,,84,100,,,86,83,,,135,77,,,81,75,,,96,74,,,32,70,,,26,55,,,45,53,,,45,45,,,51,44,,,136,45,,,31,36,,,132,33,,,DNF,,,,,,,,,,,,,,,,,,,,,,,,,,,,,,,,,,,,,,,,,,,,Groupama - FDJ,,13,13,15,15,16,16,16,13,13,12,12,12,11,10,11,12,12,12,12,12,2021
67,Vanhoucke Harm,68,69,,21,93,68,,21,48,47,,14,114,93,,24,173,123,,37,159,126,,38,156,125,,37,64,114,,33,68,98,,27,86,91,,25,3,67,33,16,152,74,36,19,151,75,39,19,154,86,40,24,15,72,30,19,96,73,25,20,89,73,27,19,130,74,31,20,123,80,32,22,136,85,36,24,141,86,38,25,15,12,17,19,18,18,23,23,,,,,,13,12,12,,,,,Lotto Soudal,,14,22,23,23,23,23,23,23,23,21,23,23,23,23,,,,,,,2021
68,Juul-jensen Christopher,69,68,,,146,69,,,143,125,,,10,64,55,,165,66,56,,70,70,70,,169,73,73,,150,86,79,,96,90,84,,147,94,86,,111,95,89,,149,102,91,,159,106,92,,97,106,92,,20,102,91,,54,93,96,,146,98,98,,42,98,99,,119,96,99,,72,97,98,,53,97,100,,29,27,33,39,37,38,43,43,12,12,16,20,21,23,26,26,7,7,,,Team BikeExchange,,12,12,4,4,3,3,3,2,2,2,4,4,3,4,3,4,6,6,5,5,2021
69,Denz Nico,70,70,,,25,70,,,170,171,,,90,131,,,97,127,,,137,129,,,117,126,,,117,128,,,107,119,,,152,134,,,133,138,,,94,129,,,19,129,,,106,127,,,36,127,,,85,117,,,112,118,,,15,102,100,,106,101,100,,97,102,99,,26,102,101,,,,,,,,,,,,,,,,,,,,,,Team DSM,,15,14,10,10,8,7,6,7,7,5,3,3,6,5,7,5,1,2,3,3,2021
70,Keukeleire Jens,71,71,,,54,71,,,147,147,,,76,126,,,93,118,,,69,93,,,75,89,,,94,92,,,66,82,,,116,86,,,81,87,,,92,91,,,59,90,,,76,82,,,42,83,,,99,88,,,99,90,,,43,90,,,53,84,,,66,78,,,73,78,,,,,,,,,,,,,,,,,,,,,,,EF Education - Nippo,,9,9,5,5,5,6,7,6,6,3,5,5,4,6,6,8,8,7,11,11,2021
71,Champoussin Clément,72,72,,22,132,72,,22,85,48,,15,147,110,,31,144,117,,36,113,114,,33,138,114,,33,44,101,,27,DNF,,,,,,,,,,,,,,,,,,,,,,,,,,,,,,,,,,,,,,,,,,,,,,,,,,,,,,,,,,,,,,,,,,,,,,,,AG2R Citroën Team,,18,16,16,16,17,17,17,17,17,17,15,15,17,17,16,15,15,15,15,15,2021
72,Hindley Jai,73,73,,23,37,73,,23,55,49,,16,29,27,,7,45,24,,6,34,25,,8,27,23,,7,38,23,,7,27,22,,7,44,22,,7,35,22,,8,82,25,,8,162,25,,8,DNS,,,,,,,,,,,,,,,,,,,,,,,,,,,,,,,,,,,,,,,,,,,,,,,,,,,,Team DSM,,15,14,10,10,8,7,6,7,7,5,3,3,6,5,7,5,1,2,3,3,2021
73,Guerreiro Ruben,74,74,,,59,75,,,70,51,,,39,35,,,95,31,,,25,23,,,166,28,,,42,28,,,32,25,,,59,25,,,17,21,,,39,19,,,86,19,,,21,15,,,DNF,,,,,,,,,,,,,,,,,,,,,,,,,,,,,,,,,,,,,,,,,,,,,,,,EF Education - Nippo,,9,9,5,5,5,6,7,6,6,3,5,5,4,6,6,8,8,7,11,11,2021
74,Bouwman Koen,75,75,,,89,76,,,15,52,,,45,40,,,120,37,,,41,33,,,57,32,,,33,32,,,15,30,53,,75,30,59,,23,25,62,,20,24,65,,58,24,66,,26,21,68,,84,19,69,,19,16,74,,22,14,74,,123,13,78,,8,12,66,,13,12,67,,21,12,69,,,,,,,60,62,62,,,,,,,,,,,,,Team Jumbo-Visma,,1,1,9,9,9,9,9,9,9,8,7,7,5,7,4,2,5,3,2,2,2021
75,Nizzolo Giacomo,76,76,,,2,60,2,,118,122,3,,132,138,3,,2,135,1,,164,143,1,,12,139,3,,156,145,2,,172,151,2,,129,150,6,,152,154,5,,110,149,5,,1,149,2,,144,147,2,,DNS,,,,,,,,,,,,,,,,,,,,,,,,,,,,,,,,,,,,,,,,,,,,,,,,Team Qhubeka ASSOS,,5,5,18,18,20,20,21,21,22,22,22,22,22,22,22,22,22,22,21,21,2021
76,Landa Mikel,77,77,,,72,78,,,56,53,,,14,15,,,DNF,,,,,,,,,,,,,,,,,,,,,,,,,,,,,,,,,,,,,,,,,,,,,,,,,,,,,,,,,,,,,,,,,,,,,,,,,,,,,,,,,,,,,,,,Bahrain - Victorious,,8,8,1,1,1,1,2,4,4,6,9,9,8,9,9,9,11,10,9,9,2021
77,Van Den Berg Lars,78,78,,24,137,79,,24,97,54,42,17,108,94,56,25,112,88,57,23,89,90,71,23,38,88,75,23,52,81,77,21,57,71,81,16,39,68,83,15,61,70,86,18,71,65,88,17,135,65,89,17,80,71,89,18,14,59,88,14,152,72,94,19,58,69,96,17,76,69,98,17,50,65,98,15,91,64,97,15,66,64,99,15,26,25,32,38,36,37,42,42,14,14,14,19,19,21,22,22,9,8,3,,Groupama - FDJ,,13,13,15,15,16,16,16,13,13,12,12,12,11,10,11,12,12,12,12,12,2021
78,Frankiny Kilian,79,79,,,130,80,,,106,55,,,79,74,,,87,70,,,51,66,,,95,64,,,89,64,,,55,59,,,113,65,,,95,68,,,54,63,,,118,63,,,113,72,,,97,71,,,29,60,,,46,60,,,115,59,,,34,55,,,57,57,,,121,57,,,,,,,,,,,,,,,,,,,,,,,Team Qhubeka ASSOS,,5,5,18,18,20,20,21,21,22,22,22,22,22,22,22,22,22,22,21,21,2021
79,Narváez Jhonatan,80,80,,25,158,81,,25,105,56,,18,46,41,,11,181,85,,21,73,79,,20,66,75,,18,79,77,,19,61,70,,15,98,67,,14,79,69,,17,16,58,,14,124,61,,16,49,51,,12,19,49,,12,36,48,,12,71,53,,14,27,52,,13,36,48,,13,54,48,,13,90,49,,13,,,,,,,,,,,,,,,,,,,,,INEOS Grenadiers,,2,2,2,2,2,2,1,1,1,1,1,1,1,2,2,1,2,1,1,1,2021
80,Goossens Kobe,81,81,,26,81,82,,26,164,158,,45,151,157,,44,172,176,,49,35,94,,25,153,96,,26,6,79,38,20,121,97,44,26,142,103,37,27,121,106,41,29,DNF,,,,,,,,,,,,,,,,,,,,,,,,,,,,,,,,,,,,,,,,,,,,,,,,,,3,6,6,6,,,,,,,Lotto Soudal,,14,22,23,23,23,23,23,23,23,21,23,23,23,23,,,,,,,2021
81,Wiśniowski Łukasz,82,82,,,41,83,,,160,159,,,118,158,,,130,155,,,156,162,,,148,165,,,145,163,,,152,161,,,114,158,,,101,156,,,164,151,,,126,153,,,149,150,,,12,132,,,149,139,,,126,139,,,81,138,,,105,134,,,126,133,,,33,131,,,,,,,,,,,,,,,,,,,,,,,Team Qhubeka ASSOS,,5,5,18,18,20,20,21,21,22,22,22,22,22,22,22,22,22,22,21,21,2021
82,Hermans Quinten,83,83,,,17,84,,,12,57,,,101,87,,,85,84,,,57,71,,,98,70,,,39,66,,,43,54,,,12,52,65,,48,52,68,,124,60,71,,103,59,72,,70,60,75,,5,46,44,,60,44,49,,42,43,50,,94,43,52,,40,42,38,,51,42,41,,101,43,43,,51,51,57,49,48,34,38,38,26,28,33,40,43,46,48,48,15,15,,,Intermarché - Wanty - Gobert Matériaux,,19,17,17,17,15,15,15,14,14,13,11,11,13,13,13,13,14,14,14,14,2021
83,Puccio Salvatore,84,84,,,163,85,,,81,58,,,107,95,,,152,94,,,71,89,,,170,91,,,116,96,,,92,99,,,62,92,,,142,103,,,88,98,,,83,98,,,77,90,,,16,90,,,110,97,,,102,96,,,25,97,,,97,94,,,73,96,,,69,94,,,,,,,,,,,,,,,,,,,,,,,INEOS Grenadiers,,2,2,2,2,2,2,1,1,1,1,1,1,1,2,2,1,2,1,1,1,2021
84,Covi Alessandro,85,85,,27,30,86,,27,60,59,,19,82,75,,20,49,71,,18,76,73,,17,100,71,,17,119,76,,18,83,75,,19,18,75,,19,2,51,28,14,24,51,29,13,80,49,33,13,3,32,20,9,76,30,21,9,72,34,21,9,117,46,19,11,101,47,23,10,13,39,25,9,40,39,26,11,41,38,27,10,9,9,13,15,14,15,20,20,,,,,,29,33,33,,,,,UAE Team Emirates,,7,7,3,3,11,11,10,11,11,11,13,13,12,12,12,11,10,11,10,10,2021
85,Martens Paul,86,86,,,171,87,,,137,126,,,142,140,,,126,137,,,115,131,,,146,135,,,96,132,,,110,130,,,161,137,,,67,130,,,87,123,,,137,124,,,103,122,,,59,120,,,106,118,,,64,109,,,61,107,,,63,100,,,65,99,,,71,99,,,,,,,,,,,,,,,,,,,,,,,Team Jumbo-Visma,,1,1,9,9,9,9,9,9,9,8,7,7,5,7,4,2,5,3,2,2,2021
86,Warbasse Larry,87,87,,,29,88,,,25,60,,,83,76,,,48,72,,,55,67,,,63,61,,,63,59,,,42,50,,,54,49,,,97,55,,,53,54,,,31,54,,,47,48,,,74,47,,,40,41,,,54,42,,,77,41,,,41,41,84,,46,41,84,,46,41,86,,,,,,,28,35,35,,,,,,,,,,,,,AG2R Citroën Team,,18,16,16,16,17,17,17,17,17,17,15,15,17,17,16,15,15,15,15,15,2021
87,Vervaeke Louis,88,88,,,117,89,,,22,61,,,4,3,18,,37,2,23,,22,5,26,,49,5,28,,43,10,33,,24,14,39,,35,14,46,,69,26,49,,55,26,50,,76,26,50,,36,25,53,,89,24,57,,30,20,61,,26,19,62,,100,19,66,,56,21,68,,34,19,69,,91,20,71,,31,30,30,34,32,33,24,24,15,15,17,23,23,25,28,28,10,10,,,Alpecin-Fenix,,16,23,22,22,18,18,20,18,18,19,19,19,18,18,18,18,19,19,18,18,2021
88,Viviani Elia,89,89,,,3,74,3,,4,50,2,,182,133,2,,3,130,2,,157,137,2,,15,132,4,,158,139,3,,165,147,3,,9,139,5,,154,143,4,,99,138,4,,9,138,5,,136,137,5,,69,137,4,,122,138,4,,120,137,4,,106,136,4,,130,135,4,,124,135,4,,92,135,4,,,,,,,,,,,,,,,,,,,,,,Cofidis,,20,18,19,19,19,19,18,19,19,20,20,20,21,20,21,21,21,21,22,22,2021
89,Aleotti Giovanni,90,90,,28,115,90,,28,123,127,,35,73,100,,27,89,95,,25,104,102,,27,72,101,,27,82,102,,28,75,88,,25,105,87,,24,84,88,,26,68,82,,22,66,82,,22,89,87,,25,102,87,,25,91,89,,25,75,87,,25,62,88,,26,64,81,80,23,80,80,80,21,62,80,82,21,39,38,43,48,47,43,47,47,,,,,28,32,35,35,,,,,BORA - hansgrohe,,11,11,14,14,12,12,12,12,12,14,14,14,14,14,15,16,17,16,16,16,2021
90,Bardet Romain,91,91,,,35,91,,,47,62,,,17,19,,,22,17,,,14,14,,,25,14,,,20,14,,,7,13,59,,20,13,63,,27,12,66,,32,11,69,,44,11,70,,15,10,73,,57,9,74,,2,7,45,,14,6,44,,59,6,46,,10,6,45,,4,5,34,,31,7,36,,41,43,9,11,10,12,9,9,,,,29,30,34,37,37,,,,,Team DSM,,15,14,10,10,8,7,6,7,7,5,3,3,6,5,7,5,1,2,3,3,2021
91,Serry Pieter,92,92,,,183,183,,,112,115,,,53,62,,,168,63,,,61,62,,,172,66,,,106,71,,,73,67,,,106,66,,,113,74,,,66,68,,,158,69,,,52,62,,,40,61,,,62,59,,,34,57,,,144,57,,,57,57,,,42,56,,,27,56,,,,,,,,,,,,,,,,,,,,,,,Deceuninck - Quick Step,,3,3,8,8,6,5,5,5,5,7,6,6,7,8,10,10,9,9,8,8,2021
92,Fabbro Matteo,93,93,,,73,92,,,94,63,,,74,66,,,58,59,,,29,36,,,52,34,,,81,39,,,41,35,,,87,35,,,83,41,,,29,36,,,61,36,,,44,37,,,75,34,,,92,40,,,27,36,,,83,33,,,59,33,,,26,32,,,60,32,,,,,,,,,,,,,,,,,,,,,,,BORA - hansgrohe,,11,11,14,14,12,12,12,12,12,14,14,14,14,14,15,16,17,16,16,16,2021
93,De Gendt Thomas,94,94,,,174,93,,,145,148,,,177,177,,,156,178,,,87,154,,,136,156,,,108,144,,,97,135,,,83,125,,,86,127,,,80,114,,,90,113,,,82,112,,,128,111,,,DNS,,,,,,,,,,,,,,,,,,,,,,,,,,,,,,,,,,,,,,,,,,,,Lotto Soudal,,14,22,23,23,23,23,23,23,23,21,23,23,23,23,,,,,,,2021
94,Valter Attila,95,95,,29,135,94,,29,52,64,,20,6,5,29,1,78,4,32,1,12,1,38,1,36,1,40,1,29,1,46,1,25,5,52,4,27,5,58,4,30,13,61,6,23,12,64,6,57,12,65,6,32,12,67,6,48,11,68,6,21,13,73,6,59,16,75,6,56,15,79,6,16,14,78,6,25,15,78,7,42,14,80,6,48,49,54,59,59,61,63,63,24,26,31,36,38,44,45,45,14,14,,,Groupama - FDJ,,13,13,15,15,16,16,16,13,13,12,12,12,11,10,11,12,12,12,12,12,2021
95,Vendrame Andrea,96,96,,,162,95,,,11,65,,,24,28,42,,31,25,44,,97,57,54,,17,55,56,,86,55,60,,85,57,66,,7,56,32,,109,60,36,,1,48,11,,87,47,15,,87,54,15,,87,53,14,,49,53,14,,76,56,14,,14,42,17,,61,43,18,,77,50,19,,56,50,19,,22,22,27,32,30,30,36,36,,,,,,,17,17,,,,,AG2R Citroën Team,,18,16,16,16,17,17,17,17,17,17,15,15,17,17,16,15,15,15,15,15,2021
96,Arashiro Yukiya,97,97,,,125,96,,,61,66,,,158,111,,,177,128,,,114,127,,,62,123,,,85,113,,,60,95,,,61,89,,,65,85,,,84,81,,,49,80,,,86,85,,,37,86,,,88,87,,,63,79,,,35,78,,,67,78,,,82,77,,,100,77,,,,,,,,,,,,,,,,,,,,,,,Bahrain - Victorious,,8,8,1,1,1,1,2,4,4,6,9,9,8,9,9,9,11,10,9,9,2021
97,Caicedo Jonathan Klever,98,98,,,94,97,,,76,67,,,66,58,,,54,53,,,36,32,,,119,33,,,77,36,,,72,40,,,96,40,,,DNF,,,,,,,,,,,,,,,,,,,,,,,,,,,,,,,,,,,,,,,,,,,,,,,,,,,,,,,,,,,,,,,,EF Education - Nippo,,9,9,5,5,5,6,7,6,6,3,5,5,4,6,6,8,8,7,11,11,2021
98,Scotson Callum,99,99,,30,160,98,,30,107,68,,21,61,59,,18,163,56,,16,128,76,,18,167,80,,20,59,73,,17,88,74,,18,73,74,,18,123,76,,20,131,78,,21,123,79,,21,158,93,,26,137,93,,27,32,78,,23,144,84,,24,146,85,,25,70,83,,24,107,83,,23,79,83,,24,,,,,,,,,,,,,,,,,,,,,Team BikeExchange,,12,12,4,4,3,3,3,2,2,2,4,4,3,4,3,4,6,6,5,5,2021
99,Torres Albert,100,100,,,182,180,,,181,183,,,169,178,,,122,175,,,169,174,,,173,173,,,171,174,,,134,165,,,169,168,,,104,164,,,158,158,,,163,159,,,159,157,,,8,141,72,,147,141,78,,147,141,77,,128,141,81,,141,139,82,,140,139,82,,55,138,84,,,56,62,65,65,67,69,69,,,,,,,,,,,,,Movistar Team,,10,10,12,12,7,8,8,8,8,10,10,10,9,3,5,7,7,8,7,7,2021
100,Taaramäe Rein,101,101,,,136,99,,,64,69,,,9,14,45,,66,13,46,,23,15,57,,55,15,60,,40,17,65,,17,17,71,,57,17,75,,34,16,78,,43,15,80,,56,15,81,,46,20,82,,55,18,81,,115,28,86,,73,31,87,,88,30,91,,101,35,93,,123,51,93,,75,51,94,,11,11,16,18,17,17,22,22,4,4,6,9,9,9,8,8,3,3,,,Intermarché - Wanty - Gobert Matériaux,,19,17,17,17,15,15,15,14,14,13,11,11,13,13,13,13,14,14,14,14,2021
101,Albanese Vincenzo,102,102,,31,175,100,,31,111,109,25,30,154,125,31,37,86,116,34,35,132,113,41,32,60,106,43,29,71,104,49,29,133,113,57,32,8,109,33,30,78,108,37,30,14,86,31,24,13,85,25,23,73,78,28,20,136,79,31,21,73,76,33,21,141,82,34,23,139,82,37,24,66,77,39,20,79,76,42,19,83,75,44,19,10,10,14,16,15,16,13,13,3,3,5,8,8,8,7,7,2,2,1,1,EOLO-Kometa,,21,19,13,13,14,14,14,16,16,15,16,16,15,15,14,14,13,13,13,13,2021
102,Hamilton Chris,103,103,,,164,101,,,98,70,,,80,78,,,157,81,,,85,77,,,174,85,,,57,75,,,54,68,,,108,69,,,44,57,,,2,42,23,,161,44,28,,43,41,31,,96,39,34,,90,42,36,,51,45,37,,47,45,39,,31,40,41,,69,45,44,,93,45,46,,36,35,39,44,42,44,41,41,,,,,,,32,32,,,,,Team DSM,,15,14,10,10,8,7,6,7,7,5,3,3,6,5,7,5,1,2,3,3,2021
103,Buchmann Emanuel,104,104,,,76,102,,,66,71,,,26,29,,,46,26,,,13,16,,,44,16,,,22,15,,,13,15,,,26,15,,,12,6,,,25,6,,,62,6,,,13,6,,,DNF,,,,,,,,,,,,,,,,,,,,,,,,,,,,47,,,,,,,,,,,,40,42,44,44,,,,,BORA - hansgrohe,,11,11,14,14,12,12,12,12,12,14,14,14,14,14,15,16,17,16,16,16,2021
104,Neilands Krists,105,105,,,DNS,,,,,,,,,,,,,,,,,,,,,,,,,,,,,,,,,,,,,,,,,,,,,,,,,,,,,,,,,,,,,,,,,,,,,,,,,,,,,,,,,,,,,,,,,,,,,,,,,,,,Israel Start-Up Nation,,4,4,7,7,13,13,13,15,15,16,17,17,16,16,17,17,16,17,17,17,2021
105,Oss Daniel,106,106,,,123,103,,,115,113,,,103,103,,,72,98,,,110,104,,,68,103,64,,146,112,69,,130,118,77,,21,114,80,,130,120,84,,139,118,85,,53,118,86,,132,118,86,,121,116,85,,94,112,90,,119,115,91,,89,114,94,,128,113,95,,111,112,95,,84,112,96,,44,46,51,57,57,57,59,59,,,,,33,37,40,40,,,,,BORA - hansgrohe,,11,11,14,14,12,12,12,12,12,14,14,14,14,14,15,16,17,16,16,16,2021
106,Ciccone Giulio,107,107,,,27,104,,,30,72,,,12,18,,,63,16,,,5,8,31,,41,8,33,,21,7,39,,2,4,21,,30,4,25,,19,8,26,,34,8,27,,30,8,31,,11,7,34,,34,6,37,,4,6,24,,28,10,26,,DNS,,,,,,,,,,,,,,,,7,7,6,8,,,,,19,19,24,5,5,5,5,5,,,,,Trek - Segafredo,,17,15,6,6,4,4,4,3,3,4,2,2,2,1,1,3,3,4,6,6,2021
107,Martin Dan,108,108,,,64,106,,,37,73,,,19,21,,,33,19,,,3,9,22,,34,9,23,,26,8,27,,5,8,22,,58,8,26,,40,18,27,,45,17,28,,65,17,32,,12,13,35,,64,12,38,,16,12,40,,1,11,17,,78,10,21,,6,10,21,,14,10,22,,86,10,22,,14,15,10,3,3,3,4,4,11,11,13,12,12,12,11,11,,,,,Israel Start-Up Nation,,4,4,7,7,13,13,13,15,15,16,17,17,16,16,17,17,16,17,17,17,2021
108,Benedetti Cesare,109,109,,,179,174,,,130,145,,,130,147,,,70,142,,,102,135,,,125,136,,,113,134,,,116,131,,,121,132,,,102,131,,,81,120,,,127,120,,,96,116,,,83,115,,,114,119,,,53,108,,,64,105,,,104,102,,,93,103,,,117,103,,,,,,,,,,,,,,,,,,,,,,,BORA - hansgrohe,,11,11,14,14,12,12,12,12,12,14,14,14,14,14,15,16,17,16,16,16,2021
109,Duchesne Antoine,110,110,,,107,107,,,157,160,,,126,159,,,109,156,,,101,149,,,111,150,,,126,155,,,120,145,,,166,155,,,99,153,,,121,148,,,97,148,,,111,144,,,104,143,,,87,134,,,65,121,,,79,119,,,85,117,,,90,113,,,114,115,,,,,,,,,,,,,,,,,,,,,,,Groupama - FDJ,,13,13,15,15,16,16,16,13,13,12,12,12,11,10,11,12,12,12,12,12,2021
110,Keisse Iljo,111,111,,,98,105,,,149,149,,,156,148,,,73,145,,,127,138,,,45,133,,,130,138,,,103,133,,,128,135,,,108,133,,,142,131,,,37,131,,,93,128,,,140,128,,,113,131,,,133,131,,,137,129,,,118,123,101,,89,121,100,,10,121,97,,,,,,,,,,,,,,,,,,,,,,Deceuninck - Quick Step,,3,3,8,8,6,5,5,5,5,7,6,6,7,8,10,10,9,9,8,8,2021
111,Merlier Tim,112,112,,,1,77,1,,165,172,1,,162,168,1,,12,162,3,,165,166,3,,3,161,2,,175,168,1,,162,166,1,,131,162,4,,DNS,,,,,,,,,,,,,,,,,,,,,,,,,,,,,,,,,,,,,,,,,,,,,,,,,,,,,,,,,,,,,,,,Alpecin-Fenix,,16,23,22,22,18,18,20,18,18,19,19,19,18,18,18,18,19,19,18,18,2021
112,Storer Michael,113,113,,32,165,108,,32,110,74,,22,54,45,,13,158,47,,12,39,34,,12,152,36,,13,37,35,,13,44,32,40,11,89,32,47,11,150,44,50,12,19,40,51,11,119,40,51,11,107,55,54,13,114,54,58,13,43,51,62,13,16,39,65,9,63,38,69,8,22,32,71,8,24,31,71,8,63,31,72,8,33,32,37,42,40,42,10,10,,,,24,24,26,29,29,,,,,Team DSM,,15,14,10,10,8,7,6,7,7,5,3,3,6,5,7,5,1,2,3,3,2021
113,Janssens Jimmy,114,114,,,172,109,,,183,173,,,166,169,,,148,171,,,60,125,43,,122,124,45,,80,116,51,,53,92,54,,145,98,61,,163,107,64,,79,95,66,,125,95,68,,83,98,70,,123,97,71,,44,85,76,,104,88,76,,131,89,80,,26,74,79,,48,65,79,,48,65,81,,43,45,49,55,55,55,57,57,21,22,26,30,31,36,38,38,,,,,Alpecin-Fenix,,16,23,22,22,18,18,20,18,18,19,19,19,18,18,18,18,19,19,18,18,2021
114,Consonni Simone,115,115,,,21,110,,,36,75,,,181,134,,,11,132,35,,173,140,44,,147,143,46,,160,149,52,,166,152,58,,23,144,62,,169,147,65,,156,143,68,,25,143,64,,150,143,65,,4,121,26,,140,128,29,,130,128,32,,2,108,6,,138,107,8,,130,111,8,,72,110,8,,,,,,,,,,,,,,,,,,,,,,Cofidis,,20,18,19,19,19,19,18,19,19,20,20,20,21,20,21,21,21,21,22,22,2021
115,Bouchard Geoffrey,116,116,,,119,111,,,87,76,,,68,61,,,91,54,,,48,56,59,,93,56,62,,61,53,67,,22,45,74,,151,57,78,,90,61,82,,6,52,54,,111,52,54,,92,59,57,,94,58,61,,112,68,63,,13,58,66,,134,56,70,,100,64,72,,28,58,72,,105,58,73,,1,1,1,1,1,1,1,1,2,2,2,1,1,1,1,1,,,,,AG2R Citroën Team,,18,16,16,16,17,17,17,17,17,17,15,15,17,17,16,15,15,15,15,15,2021
116,Pronskiy Vadim,117,117,,33,112,112,,33,120,128,,36,84,120,,35,129,112,,33,111,110,,30,47,105,,28,53,95,,25,52,76,,20,120,82,,23,115,84,,24,31,73,,18,109,73,,18,67,70,,17,41,69,,18,27,58,,15,24,49,,13,50,50,,12,33,47,,12,16,40,,12,49,40,,12,,,,,,,,,,,,,,,,,,,,,Astana - Premier Tech,,6,6,11,11,10,10,11,10,10,9,8,8,10,11,8,6,4,5,4,4,2021
117,Moschetti Matteo,118,118,,34,6,113,9,34,119,129,12,37,178,176,15,49,6,172,13,47,153,171,13,47,4,167,8,46,152,166,7,46,164,163,7,45,136,160,7,45,149,161,7,46,138,155,7,44,14,155,8,44,140,152,8,42,152,151,8,42,125,149,9,43,150,149,10,43,104,146,13,42,96,143,13,40,119,142,15,40,110,141,15,39,,,,,,,,,,,,,,,,,,,,,Trek - Segafredo,,17,15,6,6,4,4,4,3,3,4,2,2,2,1,1,3,3,4,6,6,2021
118,Schultz Nick,119,119,,,87,114,,,78,77,,,32,30,,,76,27,,,19,20,,,43,20,,,19,19,,,19,20,,,43,20,,,41,23,,,26,20,,,55,20,,,20,17,,,26,15,,,34,18,,,74,23,,,DNS,,,,,,,,,,,,,,,,,,,,,,,,,,,,,,,,,,,,Team BikeExchange,,12,12,4,4,3,3,3,2,2,2,4,4,3,4,3,4,6,6,5,5,2021
119,Vermeersch Gianni,120,120,,,28,115,,,6,78,24,,77,79,30,,74,73,33,,122,86,40,,54,81,42,,111,87,48,,129,103,56,,5,100,23,,80,98,24,,125,104,24,,85,102,29,,104,103,32,,124,100,35,,84,100,37,,105,99,38,,19,86,24,,91,88,26,,88,87,27,,132,87,28,,,,,,,,,,,,,,,,,,,,,,Alpecin-Fenix,,16,23,22,22,18,18,20,18,18,19,19,19,18,18,18,18,19,19,18,18,2021
120,Ravanelli Simone,121,121,,,128,116,,,99,79,,,88,80,,,111,74,,,74,72,19,,121,72,21,,153,85,25,,127,101,29,,140,105,36,,110,110,40,,10,80,25,,120,81,30,,116,89,33,,100,88,36,,51,80,38,,30,70,39,,118,70,40,,98,69,42,,71,69,45,,112,71,47,,24,24,29,21,19,19,25,25,9,10,12,17,17,19,18,18,,,,,Androni Giocattoli - Sidermec,,22,20,21,21,22,22,22,22,21,23,21,21,19,19,19,19,18,18,19,19,2021
121,Christian Mark,122,122,,,173,117,,,73,80,,,139,112,,,133,104,,,125,107,,,151,111,38,,149,118,44,,125,124,50,,72,118,57,,143,125,60,,112,125,63,,149,125,63,,33,96,62,,110,95,66,,100,95,71,,45,86,73,,121,87,77,,32,75,64,,92,75,66,,138,76,67,,42,44,50,54,54,40,45,45,,21,27,32,34,38,41,41,,,,,EOLO-Kometa,,21,19,13,13,14,14,14,16,16,15,16,16,15,15,14,14,13,13,13,13,2021
122,Rochas Rémy,123,123,,35,121,118,,35,114,112,,31,106,102,,29,115,97,,27,142,116,,34,139,118,,35,70,109,,32,47,85,,23,48,79,,21,134,86,,25,93,90,,26,131,91,,26,68,81,69,22,43,82,70,23,120,92,77,27,DNF,,,,,,,,,,,,,,,,,,,,52,53,59,,,,,,,,,,,,,,,,,,Cofidis,,20,18,19,19,19,19,18,19,19,20,20,20,21,20,21,21,21,21,22,22,2021
123,Ponomar Andrii,124,124,,36,131,119,,36,127,131,30,38,122,141,38,41,81,138,41,40,117,132,49,39,73,131,51,40,60,122,57,35,147,132,63,38,159,141,67,41,117,141,70,42,70,124,72,36,93,123,73,36,28,95,45,28,71,94,49,28,53,83,53,24,55,74,55,20,18,67,57,15,99,67,58,16,94,67,58,16,61,67,58,17,,,,,,,,,,,,,,,,,,,,,Androni Giocattoli - Sidermec,,22,20,21,21,22,22,22,22,21,23,21,21,19,19,19,19,18,18,19,19,2021
124,Gougeard Alexis,125,125,,,151,120,,,117,117,36,,146,135,49,,150,144,50,,141,150,62,,114,151,67,,8,120,24,,131,127,27,,117,128,34,,116,129,38,,144,128,40,,113,128,42,,123,126,42,,118,126,47,,135,132,51,,93,126,53,,95,124,55,,90,121,55,,75,114,55,,54,114,55,,40,42,47,53,52,53,55,55,27,29,23,28,29,33,36,36,16,16,6,,AG2R Citroën Team,,18,16,16,16,17,17,17,17,17,17,15,15,17,17,16,15,15,15,15,15,2021
125,Knox James,126,126,,,147,121,,,68,81,,,48,46,,,132,41,,,59,47,,,112,48,,,114,54,,,111,69,,,107,72,,,70,71,,,83,69,,,148,68,,,71,65,,,88,65,,,59,64,,,36,63,,,73,61,,,43,58,,,33,54,,,64,53,,,,,,50,49,49,52,52,,,,,,,,,,,,,Deceuninck - Quick Step,,3,3,8,8,6,5,5,5,5,7,6,6,7,8,10,10,9,9,8,8,2021
126,Marczyński Tomasz,127,127,,,144,122,,,167,174,,,155,170,,,153,174,,,148,173,,,155,172,,,154,171,,,DNS,,,,,,,,,,,,,,,,,,,,,,,,,,,,,,,,,,,,,,,,,,,,,,,,,,,,,,,,,,,,,,,,,,,,,,,,Lotto Soudal,,14,22,23,23,23,23,23,23,23,21,23,23,23,23,,,,,,,2021
127,Edet Nicolas,128,128,,,156,123,,,102,82,,,7,6,34,,83,5,38,,82,49,48,,120,49,50,,49,47,55,,35,42,34,,125,46,41,,148,56,45,,7,45,37,,98,43,40,,DNF,,,,,,,,,,,,,,,,,,,,,,,,,,,,,,,,,,,,,,,,,,,18,18,20,21,21,,,,,Cofidis,,20,18,19,19,19,19,18,19,19,20,20,20,21,20,21,21,21,21,22,22,2021
128,De Buyst Jasper,129,129,,,14,124,28,,142,132,37,,165,142,50,,145,147,51,,151,153,63,,67,148,66,,155,152,72,,DNF,,,,,,,,,,,,,,,,,,,,,,,,,,,,,,,,,,,,,,,,,,,,,,,,,,,,,,,,,,,,,,,,,,,,,,,,Lotto Soudal,,14,22,23,23,23,23,23,23,23,21,23,23,23,23,,,,,,,2021
129,Sabatini Fabio,130,130,,,33,125,,,146,150,,,170,160,,,117,157,,,100,151,,,94,149,,,124,154,,,149,154,,,135,153,,,131,155,,,106,150,,,105,150,,,110,146,,,56,144,,,123,142,,,96,138,,,53,137,,,83,133,,,112,132,,,78,133,,,,,,,,,,,,,,,,,,,,,,,Cofidis,,20,18,19,19,19,19,18,19,19,20,20,20,21,20,21,21,21,21,22,22,2021
130,Pasqualon Andrea,131,131,,,22,126,22,,13,83,29,,85,81,37,,7,75,17,,78,74,18,,5,69,13,,112,72,12,,104,84,13,,127,90,14,,52,83,14,,96,85,16,,7,84,11,,121,91,10,,93,91,10,,37,79,11,,83,77,8,,107,76,11,,39,70,7,,70,71,7,,74,72,7,,,,,,,50,53,53,,,,,,,,,,,,,Intermarché - Wanty - Gobert Matériaux,,19,17,17,17,15,15,15,14,14,13,11,11,13,13,13,13,14,14,14,14,2021
131,Lafay Victor,132,132,,37,157,127,,37,108,84,,23,59,56,,17,92,51,,15,45,44,,14,82,43,,14,1,34,16,12,118,58,16,14,163,71,17,16,132,79,17,22,107,84,17,23,160,87,20,24,23,64,21,15,129,64,22,16,141,77,22,22,108,78,23,22,135,77,28,22,DNS,,,,,,,,,,,,34,33,38,43,41,,,,,,19,25,25,27,30,30,,,,,Cofidis,,20,18,19,19,19,19,18,19,19,20,20,20,21,20,21,21,21,21,22,22,2021
132,De Kort Koen,133,133,,,177,128,,,155,161,,,104,149,,,128,146,,,144,152,,,140,154,,,136,157,,,141,156,,,155,161,,,141,163,,,126,157,,,116,157,,,102,151,,,39,147,,,127,145,,,95,142,,,80,142,,,86,136,,,99,134,,,124,134,,,,,,,,,,,,,,,,,,,,,,,Trek - Segafredo,,17,15,6,6,4,4,4,3,3,4,2,2,2,1,1,3,3,4,6,6,2021
133,Kanter Max,134,134,,38,12,129,23,38,135,133,31,39,148,143,39,42,14,139,30,41,134,133,36,40,8,130,20,39,141,137,23,41,124,141,26,43,103,133,30,39,140,137,34,40,111,134,38,39,8,133,24,39,129,132,25,38,95,131,27,38,103,125,28,39,115,125,31,38,86,123,35,37,74,118,36,34,108,118,39,34,50,116,41,34,,,,,,,,,,,,,,,,,,,,,Team DSM,,15,14,10,10,8,7,6,7,7,5,3,3,6,5,7,5,1,2,3,3,2021
134,Hirt Jan,135,135,,,129,130,,,90,87,,,47,43,,,124,39,,,67,45,,,115,44,,,48,44,,,34,39,,,79,39,,,165,50,,,48,50,,,152,51,,,22,34,,,131,32,,,75,35,,,31,34,,,136,32,,,14,30,,,11,26,,,70,26,,,,,,60,60,62,64,64,,,,,,,,,,,,,Intermarché - Wanty - Gobert Matériaux,,19,17,17,17,15,15,15,14,14,13,11,11,13,13,13,13,14,14,14,14,2021
135,Ghebreigzabhier Amanuel,136,136,,,38,131,,,132,134,,,96,121,,,146,120,,,129,115,,,64,112,,,54,100,,,46,80,,,77,77,,,42,66,,,130,72,,,139,72,,,63,68,,,130,68,,,42,63,68,,48,64,70,,126,62,75,,58,60,76,,102,63,76,,87,63,78,,,,,,,,,,,,,,,,,,,,,,Trek - Segafredo,,17,15,6,6,4,4,4,3,3,4,2,2,2,1,1,3,3,4,6,6,2021
136,Carboni Giovanni,137,137,,,124,132,,,43,88,,,112,96,,,110,89,,,68,80,,,74,77,,,5,65,31,,62,64,37,,102,61,44,,37,46,48,,57,46,48,,115,46,48,,105,57,50,,53,56,54,,28,46,56,,23,38,48,,60,37,50,,49,37,53,,37,35,53,,106,35,54,,,,,36,34,35,39,39,,,,,,,,,,,,,Bardiani-CSF-Faizanè,,23,21,20,20,21,21,19,20,20,18,18,18,20,21,20,20,20,20,20,20,2021
137,Villella Davide,138,138,,,67,133,,,58,89,,,69,67,,,64,60,,,37,40,,,116,41,,,101,45,,,65,47,,,56,45,,,58,48,,,56,47,,,107,50,,,65,49,,,90,48,,,82,49,,,85,55,,,109,55,,,47,54,,,50,53,,,97,55,,,,,40,45,44,45,48,49,,,,,,,,,,,,,Movistar Team,,10,10,12,12,7,8,8,8,8,10,10,10,9,3,5,7,7,8,7,7,2021
138,Dombrowski Joe,139,139,,,69,134,,,40,90,,,1,2,7,,180,48,12,,DNS,,,,,,,,,,,,,,,,,,,,,,,,,,,,,,,,,,,,,,,,,,,,,,,,,,,,,,,,,,,,,,,,,,,,,,,,,,,,,,,,1,1,,,UAE Team Emirates,,7,7,3,3,11,11,10,11,11,11,13,13,12,12,12,11,10,11,10,10,2021
139,De Bondt Dries,140,140,,,44,135,,,128,135,,,176,174,,,99,168,,,167,169,,,168,171,,,107,162,,,105,143,,,6,136,39,,4,105,16,,11,83,9,,110,83,14,,133,92,14,,11,78,5,,148,91,6,,92,92,5,,143,93,5,,75,89,6,,116,93,6,,76,91,6,,6,5,7,7,7,9,12,12,,,,,,31,3,3,,,,,Alpecin-Fenix,,16,23,22,22,18,18,20,18,18,19,19,19,18,18,18,18,19,19,18,18,2021
140,Bidard François,141,141,,,126,136,,,125,136,,,67,89,,,179,126,,,DNS,,,,,,,,,,,,,,,,,,,,,,,,,,,,,,,,,,,,,,,,,,,,,,,,,,,,,,,,,,,,,,,,,,,,,,,,,,,,,,,,,,,,AG2R Citroën Team,,18,16,16,16,17,17,17,17,17,17,15,15,17,17,16,15,15,15,15,15,2021
141,Zana Filippo,142,142,,39,134,137,,39,124,137,,40,72,101,,28,118,96,,26,90,95,,26,107,94,76,25,97,98,80,26,74,87,83,24,85,81,85,22,66,81,88,23,102,88,90,25,102,88,91,25,100,94,91,27,73,92,90,26,76,90,95,26,90,91,97,26,7,73,59,19,80,72,60,18,74,73,61,18,65,73,61,18,,,,,,,,,,,,,,,,,,,,,Bardiani-CSF-Faizanè,,23,21,20,20,21,21,19,20,20,18,18,18,20,21,20,20,20,20,20,20,2021
142,Cimolai Davide,143,143,,,9,138,15,,2,85,6,,150,114,8,,10,107,7,,166,119,7,,2,116,5,,133,121,4,,132,128,4,,3,121,3,,156,128,3,,122,126,3,,4,126,3,,135,125,3,,144,125,2,,130,127,2,,122,127,2,,127,125,2,,139,124,2,,143,124,2,,102,127,2,,,,,,,,,,,,,,,,,,,,,,Israel Start-Up Nation,,4,4,7,7,13,13,13,15,15,16,17,17,16,16,17,17,16,17,17,17,2021
143,Petilli Simone,144,144,,,138,139,,,134,138,,,87,123,,,98,114,,,66,84,,,105,84,,,169,93,,,56,77,,,124,83,,,158,90,,,8,70,49,,145,70,49,,59,63,51,,105,62,55,,31,55,57,,50,54,59,,117,54,63,,35,49,63,,27,43,64,,108,44,65,,25,26,31,37,,36,40,40,,,,,,,23,23,,,,,Intermarché - Wanty - Gobert Matériaux,,19,17,17,17,15,15,15,14,14,13,11,11,13,13,13,13,14,14,14,14,2021
144,Badilatti Matteo,145,145,,,181,181,,,96,111,,,102,90,,,137,87,,,124,96,,,141,97,,,47,89,,,30,72,,,67,70,,,159,80,,,35,67,,,138,67,,,30,52,,,107,50,,,47,50,,,25,40,94,,93,39,96,,17,34,96,,29,33,96,,107,34,98,,,,,,,,,,,,,,,,,,,,,,Groupama - FDJ,,13,13,15,15,16,16,16,13,13,12,12,12,11,10,11,12,12,12,12,12,2021
145,Cataldo Dario,146,146,,,92,140,,,74,91,,,111,97,,,65,90,,,32,53,53,,91,54,55,,99,56,61,,71,56,65,,84,54,69,,55,54,73,,118,64,75,,128,64,76,,118,73,78,,6,60,46,,108,66,50,,60,67,52,,12,53,44,,115,59,47,,23,55,47,,58,54,49,,37,36,41,46,43,46,49,48,18,18,22,27,27,30,34,34,,,,,Movistar Team,,10,10,12,12,7,8,8,8,8,10,10,10,9,3,5,7,7,8,7,7,2021
146,Ewan Caleb,147,147,,,10,141,18,,177,175,23,,180,182,28,,1,180,4,,147,176,4,,1,175,1,,DNF,,,,,,,,,,,,,,,,,,,,,,,,,,,,,,,,,,,,,,,,,,,,,,,,,,,,,,,,,,,,,,,,,,,,,,,,,,,,Lotto Soudal,,14,22,23,23,23,23,23,23,23,21,23,23,23,23,,,,,,,2021
147,Oldani Stefano,148,148,,40,61,142,,40,9,92,35,24,120,116,48,33,113,109,49,31,109,109,61,29,154,113,65,32,159,123,70,36,128,129,78,37,4,122,21,35,126,122,22,35,136,121,21,34,6,121,19,34,155,123,18,35,13,109,18,33,71,102,18,31,123,103,20,31,11,91,16,27,21,76,17,19,105,79,18,20,116,79,18,20,,,,,,,,,,,,,,,,,,,,,Lotto Soudal,,14,22,23,23,23,23,23,23,23,21,23,23,23,23,,,,,,,2021
148,Mosca Jacopo,149,149,,,36,143,,,10,93,43,,36,37,46,,44,33,47,,64,42,58,,19,40,61,,72,43,66,,59,43,73,,33,42,77,,51,40,80,,64,43,83,,74,41,84,,62,46,84,,33,44,83,,77,47,88,,68,50,89,,10,35,62,,68,38,62,,118,52,65,,96,52,66,,19,19,24,29,27,26,33,33,,,,,,,,,,,,,Trek - Segafredo,,17,15,6,6,4,4,4,3,3,4,2,2,2,1,1,3,3,4,6,6,2021
149,Krieger Alexander,150,150,,,31,144,,,121,139,,,168,152,,,23,149,,,171,156,,,80,153,,,168,158,,,163,159,,,144,157,,,167,158,,,133,153,,,11,152,69,,145,149,72,,85,146,73,,142,146,79,,118,146,78,,69,144,82,,137,141,83,,135,140,83,,81,140,85,,,,,,,,,,,,,,,,,,,,,,Alpecin-Fenix,,16,23,22,22,18,18,20,18,18,19,19,19,18,18,18,18,19,19,18,18,2021
150,Dina Márton,151,151,,41,167,145,,41,180,176,,49,44,88,47,22,136,86,48,22,98,87,60,22,99,87,63,22,118,91,68,24,119,108,76,30,160,116,81,32,75,116,83,34,140,113,84,33,144,114,85,33,90,113,85,33,116,112,84,34,74,105,89,32,66,100,90,28,87,99,93,29,109,97,94,27,78,100,94,30,139,100,95,30,,,,,,,,,,,,,,,,,,,,,EOLO-Kometa,,21,19,13,13,14,14,14,16,16,15,16,16,15,15,14,14,13,13,13,13,2021
151,Groenewegen Dylan,152,152,,,4,146,4,,178,177,7,,145,171,11,,8,164,11,,149,167,12,,7,162,11,,173,169,10,,171,168,10,,168,169,10,,168,168,10,,147,162,12,,10,162,10,,DNS,,,,,,,,,,,,,,,,,,,,,,,,,,,,,,,,,,,,,,,,,,,,,,,,,,,,Team Jumbo-Visma,,1,1,9,9,9,9,9,9,9,8,7,7,5,7,4,2,5,3,2,2,2021
152,Valls Rafael,153,153,,,178,182,,,116,130,,,100,127,,,176,129,,,108,130,,,137,128,,,109,130,,,87,111,,,100,106,,,89,111,,,113,110,,,156,110,,,88,111,,,98,110,,,68,103,,,62,93,,,31,94,,,92,91,,,83,94,,,125,96,,,,,,,,,,,,,,,,,,,,,,,Bahrain - Victorious,,8,8,1,1,1,1,2,4,4,6,9,9,8,9,9,9,11,10,9,9,2021
153,Naesen Lawrence,154,154,,,8,147,12,,129,140,17,,119,144,21,,15,140,22,,146,147,25,,20,142,27,,131,146,32,,148,149,38,,118,149,45,,10,119,42,,143,116,42,,12,116,35,,138,119,38,,135,118,42,,134,123,46,,94,120,45,,91,118,47,,94,115,49,,114,116,49,,115,119,51,,54,55,61,64,64,66,68,68,,,,,,49,50,50,,,,,AG2R Citroën Team,,18,16,16,16,17,17,17,17,17,17,15,15,17,17,16,15,15,15,15,15,2021
154,Guglielmi Simon,155,155,,42,122,148,,42,139,141,,41,93,124,,36,90,115,,34,46,78,27,19,109,78,29,19,166,90,35,23,86,83,41,22,167,97,48,26,5,72,29,19,154,76,30,20,157,76,34,20,109,84,37,23,67,85,41,24,151,99,44,29,110,101,43,29,138,100,45,30,125,99,48,29,49,89,48,26,136,90,50,26,53,54,60,63,63,65,67,67,,,,,,48,49,49,,,,,Groupama - FDJ,,13,13,15,15,16,16,16,13,13,12,12,12,11,10,11,12,12,12,12,12,2021
155,Pedrero Antonio,156,156,,,114,149,,,67,94,,,99,82,,,127,76,,,26,38,,,106,38,,,56,38,,,37,33,,,76,33,,,60,36,,,46,30,,,140,31,,,17,29,,,122,28,,,12,22,75,,8,18,61,,129,17,65,,114,23,70,,10,21,63,,113,22,64,,,,,27,26,25,32,32,,,,,,,,,,,,,Movistar Team,,10,10,12,12,7,8,8,8,8,10,10,10,9,3,5,7,7,8,7,7,2021
156,Gavazzi Francesco,157,157,,,71,150,,,20,95,,,55,47,36,,71,42,40,,53,48,47,,87,47,49,,2,37,15,,98,52,15,,41,50,16,,8,35,6,,60,34,6,,81,34,9,,58,39,9,,77,37,9,,35,33,10,,52,35,11,,20,28,15,,65,29,15,,47,29,17,,103,29,17,,8,8,12,13,12,14,19,19,7,7,4,7,7,7,6,6,5,5,,,EOLO-Kometa,,21,19,13,13,14,14,14,16,16,15,16,16,15,15,14,14,13,13,13,13,2021
157,Sepúlveda Eduardo,158,158,,,143,151,,,88,96,,,135,117,,,80,110,,,92,100,,,97,98,,,75,97,,,90,89,67,,50,85,70,,151,93,74,,75,87,76,,82,86,77,,39,66,77,,65,66,78,,18,56,83,,86,62,82,,68,60,86,,15,53,88,,30,47,88,,77,47,89,,,,,,,,,,,,,,,,,,,,,,Androni Giocattoli - Sidermec,,22,20,21,21,22,22,22,22,21,23,21,21,19,19,19,19,18,18,19,19,2021
158,Minali Riccardo,159,159,,,15,152,29,,176,178,40,,174,179,53,,25,177,54,,140,175,66,,134,174,70,,140,173,74,,161,170,85,,170,170,87,,144,169,90,,160,164,92,,26,164,93,,131,159,93,,120,154,92,,136,152,97,,131,150,99,,124,147,101,,121,144,102,,113,143,101,,82,143,102,,60,62,68,71,71,72,73,73,,,,45,48,54,56,56,,,,,Intermarché - Wanty - Gobert Matériaux,,19,17,17,17,15,15,15,14,14,13,11,11,13,13,13,13,14,14,14,14,2021
159,Lindeman Bert-jan,160,160,,,176,153,,,141,142,,,133,145,,,161,150,,,112,144,,,135,147,,,125,151,,,151,153,,,130,152,,,59,142,,,101,137,,,75,137,,,126,135,,,112,134,,,131,137,,,111,136,,,58,135,,,82,129,,,87,122,,,122,122,,,,,,,35,,,,,,,,,,,,,,,,Team Qhubeka ASSOS,,5,5,18,18,20,20,21,21,22,22,22,22,22,22,22,22,22,22,21,21,2021
160,Rivi Samuele,161,161,,43,155,154,,43,144,143,22,42,172,165,27,46,160,173,31,48,163,172,37,48,144,170,39,48,162,170,45,47,169,167,51,46,146,163,24,46,164,166,25,47,141,160,26,45,164,161,21,45,139,156,22,43,125,152,23,43,101,144,23,42,142,145,24,41,16,128,22,38,144,128,24,36,139,129,25,37,88,129,26,37,,,,,,,,,,,,,,,,,,,,,EOLO-Kometa,,21,19,13,13,14,14,14,16,16,15,16,16,15,15,14,14,13,13,13,13,2021
161,Brambilla Gianluca,162,162,,,110,155,,,23,97,,,62,60,,,139,55,,,52,59,,,71,57,,,50,50,,,58,49,,,53,48,,,57,49,,,4,32,87,,142,33,88,,51,35,88,,148,36,87,,20,30,92,,69,32,93,,55,31,95,,DNF,,,,,,,,,,,,17,17,21,24,23,,,,,,,,,,14,14,,,,,Trek - Segafredo,,17,15,6,6,4,4,4,3,3,4,2,2,2,1,1,3,3,4,6,6,2021
162,Tesfatsion Natnael,163,163,,44,141,156,,44,18,99,,25,109,98,,26,134,91,,24,145,112,,31,89,109,,31,132,117,,34,126,123,,36,17,117,,33,145,124,,37,13,103,,30,121,103,,30,98,102,,30,133,99,,29,117,106,,33,97,105,,33,8,92,71,28,89,90,73,26,103,91,73,27,140,92,74,27,,,,,,,,,,,,,,,,,,,,,Androni Giocattoli - Sidermec,,22,20,21,21,22,22,22,22,21,23,21,21,19,19,19,19,18,18,19,19,2021
163,Van Der Hoorn Taco,164,164,,,118,158,,,1,86,5,,160,115,5,,121,108,9,,116,108,10,,133,110,14,,165,119,13,,135,126,14,,138,127,13,,9,100,11,,148,105,13,,35,104,16,,146,108,16,,141,107,16,,119,108,16,,139,113,16,,141,112,20,,117,109,22,,100,105,24,,135,107,24,,,,,,,,,,,,,,,,,,,,,,Intermarché - Wanty - Gobert Matériaux,,19,17,17,17,15,15,15,14,14,13,11,11,13,13,13,13,14,14,14,14,2021
164,Pellaud Simon,165,165,,,116,159,,,101,98,9,,128,119,13,,162,124,18,,107,117,20,,150,119,17,,137,126,18,,78,107,19,,111,112,18,,88,114,18,,50,96,18,,92,92,18,,84,97,17,,78,96,17,,50,86,17,,91,89,18,,13,72,14,,93,71,14,,55,66,16,,134,69,16,,21,21,26,31,29,29,17,17,10,8,9,15,15,17,16,16,6,6,2,,Androni Giocattoli - Sidermec,,22,20,21,21,22,22,22,22,21,23,21,21,19,19,19,19,18,18,19,19,2021
165,Kreder Wesley,166,166,,,85,160,,,174,179,,,159,172,,,101,166,,,123,158,,,79,155,,,138,159,,,153,158,,,171,166,,,124,160,,,97,152,,,104,151,,,130,148,,,126,145,,,133,143,,,113,143,,,23,133,,,113,127,,,127,127,,,98,128,,,,,,,,,,,,,,,,,,,,,,,Intermarché - Wanty - Gobert Matériaux,,19,17,17,17,15,15,15,14,14,13,11,11,13,13,13,13,14,14,14,14,2021
166,Berhane Natnael,167,167,,,52,161,,,113,114,,,125,128,,,88,121,,,138,122,,,110,121,,,128,127,,,100,115,,,153,131,,,146,135,,,129,133,,,133,134,,,112,131,,,DNF,,,,,,,,,,,,,,,,,,,,,,,,,,,,,,,,,,,,,,,,,,,,,,,,Cofidis,,20,18,19,19,19,19,18,19,19,20,20,20,21,20,21,21,21,21,22,22,2021
167,Marengo Umberto,168,168,,,139,162,13,,166,180,18,,127,173,22,,79,167,15,,155,168,16,,131,169,15,,129,167,14,,145,164,17,,154,167,12,,135,167,13,,104,161,15,,89,160,7,,124,155,7,,99,149,7,,118,148,8,,88,144,9,,96,143,12,,108,140,12,,117,138,9,,126,139,11,,55,57,63,66,66,68,70,70,28,25,30,41,44,50,51,51,17,17,7,3,Bardiani-CSF-Faizanè,,23,21,20,20,21,21,19,20,20,18,18,18,20,21,20,20,20,20,20,20,2021
168,Ravasi Edward,169,170,,,58,163,,,44,101,,,95,84,,,106,78,,,58,68,,,164,68,,,143,74,,,28,65,,,95,63,,,153,73,,,61,66,,,106,66,,,42,58,,,113,57,,,102,61,,,19,51,,,65,51,,,55,52,,,36,46,,,111,46,,,,,,,,,,,,,,,,,,,,,,,EOLO-Kometa,,21,19,13,13,14,14,14,16,16,15,16,16,15,15,14,14,13,13,13,13,2021
169,Nieve Mikel,170,169,,,150,164,,,82,102,,,52,48,,,143,46,,,63,52,,,86,51,,,36,46,,,31,41,,,69,41,,,43,34,,,41,28,,,143,29,,,25,28,,,29,27,,,15,24,,,61,25,,,44,25,,,51,25,,,21,24,,,123,25,,,,,,,,,,,,,,,,,,,,,,,Team BikeExchange,,12,12,4,4,3,3,3,2,2,2,4,4,3,4,3,4,6,6,5,5,2021
170,Fiorelli Filippo,171,171,,,7,165,10,,153,162,14,,3,77,6,,178,93,10,,75,88,11,,9,86,10,,66,83,9,,115,94,9,,81,88,9,,136,94,9,,103,101,10,,15,101,12,,127,104,12,,139,103,12,,138,107,12,,121,111,12,,114,110,18,,133,111,19,,84,107,20,,137,108,20,,28,28,34,40,38,39,44,44,13,13,15,21,20,22,25,25,8,9,,,Bardiani-CSF-Faizanè,,23,21,20,20,21,21,19,20,20,18,18,18,20,21,20,20,20,20,20,20,2021
171,Zoccarato Samuele,172,172,,45,170,166,,45,28,103,16,26,171,129,20,38,171,133,25,39,152,139,29,43,124,138,31,42,142,143,37,43,113,137,43,41,157,146,50,43,53,132,51,38,115,130,52,37,88,130,52,37,120,130,55,37,44,129,59,37,70,115,64,37,57,104,67,32,132,103,72,32,143,103,74,30,122,104,74,32,131,105,75,32,45,47,52,56,56,56,58,58,22,23,28,34,36,40,42,42,12,12,4,,Bardiani-CSF-Faizanè,,23,21,20,20,21,21,19,20,20,18,18,18,20,21,20,20,20,20,20,20,2021
172,Rubio Einer Augusto,173,173,,46,105,167,,46,69,104,,27,70,68,,19,82,62,,17,20,35,,13,118,35,,12,90,41,,14,49,38,,13,97,38,,13,74,39,,11,74,41,,12,134,42,,12,29,33,,10,82,31,,10,83,37,,10,79,44,,10,90,44,,9,48,44,,10,18,36,,9,143,39,,11,,,56,61,61,63,65,65,,,,,,,,,,,,,Movistar Team,,10,10,12,12,7,8,8,8,8,10,10,10,9,3,5,7,7,8,7,7,2021
173,Visconti Giovanni,174,174,,,159,168,,,156,163,,,123,161,,,140,163,,,103,157,,,132,157,,,127,160,,,81,125,,,82,119,,,137,126,,,5,92,60,,129,93,60,,125,100,63,,138,98,96,,78,96,101,,87,94,103,,34,95,105,,81,92,105,,86,95,104,,120,95,105,,27,40,45,51,50,51,11,11,,,,33,35,39,24,24,,,,,Bardiani-CSF-Faizanè,,23,21,20,20,21,21,19,20,20,18,18,18,20,21,20,20,20,20,20,20,2021
174,Cepeda Jefferson Alexander,175,175,,47,99,169,,47,83,105,,28,98,85,,21,155,82,,20,94,82,,21,126,83,,21,78,84,,22,158,105,86,29,139,110,88,31,77,109,91,31,76,93,93,27,141,96,94,27,50,79,94,21,117,80,93,22,48,70,98,17,72,71,100,18,120,71,102,18,DNS,,,,,,,,,,,,57,59,65,68,68,,,,,,,43,46,52,53,53,,,,,Androni Giocattoli - Sidermec,,22,20,21,21,22,22,22,22,21,23,21,21,19,19,19,19,18,18,19,19,2021
175,Gabburo Davide,176,176,,,26,170,,,152,151,,,121,150,,,147,151,,,120,145,,,23,140,,,92,131,,,143,142,87,,165,147,89,,105,148,92,,119,142,94,,33,142,95,,115,138,95,,115,139,94,,86,129,99,,56,114,101,,105,113,103,,103,110,103,,95,106,102,,130,106,103,,58,60,66,69,69,70,71,71,,,,44,47,53,54,54,,,,,Bardiani-CSF-Faizanè,,23,21,20,20,21,21,19,20,20,18,18,18,20,21,20,20,20,20,20,20,2021
176,Battaglin Enrico,177,177,,,40,171,,,16,106,,,136,122,,,77,113,,,118,111,,,76,108,,,67,103,,,114,106,,,101,102,,,6,75,57,,98,77,58,,72,77,58,,101,83,61,,103,84,65,,69,82,70,,82,83,72,,116,83,76,,95,86,77,,85,84,77,,128,85,79,,,,,,,,,,,,,,,,,,,,,,Bardiani-CSF-Faizanè,,23,21,20,20,21,21,19,20,20,18,18,18,20,21,20,20,20,20,20,20,2021
177,Venchiarutti Nicola,178,178,,48,65,172,,48,148,152,,43,71,118,19,34,107,111,24,32,150,121,28,36,61,117,30,34,147,124,36,37,150,134,42,39,162,142,49,42,138,145,52,43,108,140,53,41,77,140,53,41,91,136,56,40,79,135,60,40,126,136,65,41,101,134,68,40,119,132,73,40,142,132,50,38,115,131,50,38,142,132,52,38,,,,,,59,61,61,,,,,,,,,,,,,Androni Giocattoli - Sidermec,,22,20,21,21,22,22,22,22,21,23,21,21,19,19,19,19,18,18,19,19,2021
178,Belletti Manuel,179,179,,,13,173,25,,179,181,34,,173,180,44,,9,179,20,,DNF,,,,,,,,,,,,,,,,,,,,,,,,,,,,,,,,,,,,,,,,,,,,,,,,,,,,,,,,,,,,,,,,,,,,,,,,,,,,,,,,,,,,EOLO-Kometa,,21,19,13,13,14,14,14,16,16,15,16,16,15,15,14,14,13,13,13,13,2021
179,Fortunato Lorenzo,180,180,,49,153,175,,49,45,107,,29,56,51,,14,116,45,,11,21,29,,11,90,30,,11,24,30,,11,23,28,,10,32,28,,10,100,33,,10,52,29,,9,112,28,,9,1,26,26,8,66,25,28,8,22,21,30,8,12,17,33,7,70,16,36,7,19,16,37,7,9,14,35,6,133,16,37,7,4,4,4,5,5,6,8,8,,,,,,,,,,,,,EOLO-Kometa,,21,19,13,13,14,14,14,16,16,15,16,16,15,15,14,14,13,13,13,13,2021
180,Viviani Attilio,181,181,,50,91,176,,50,169,182,,50,183,183,,50,96,181,,50,168,177,,49,83,176,,49,174,175,,49,155,171,88,48,164,171,90,48,107,170,93,48,120,163,95,46,63,163,96,46,122,158,96,44,111,153,95,44,124,151,100,44,109,148,102,42,99,145,104,41,111,142,104,39,120,141,103,39,127,142,104,40,59,61,67,70,70,71,72,72,,,,46,49,55,55,55,,,,,Cofidis,,20,18,19,19,19,19,18,19,19,20,20,20,21,20,21,21,21,21,22,22,2021
181,Tagliani Filippo,182,182,,,145,177,7,,154,167,10,,124,164,9,,13,160,6,,154,165,6,,35,158,9,,135,161,8,,159,160,8,,156,164,8,,139,165,8,,105,159,8,,16,158,13,,117,153,13,,81,148,13,,128,147,13,,47,135,13,,51,134,19,,73,122,20,,121,123,21,,89,123,21,,46,48,53,58,58,58,60,60,23,24,29,35,37,41,43,43,13,13,5,2,Androni Giocattoli - Sidermec,,22,20,21,21,22,22,22,22,21,23,21,21,19,19,19,19,18,18,19,19,2021
182,Niv Guy,183,183,,,106,178,,,93,108,,,91,86,,,159,83,,,158,97,,,102,93,,,46,88,,,67,78,,,122,84,,,155,91,,,12,75,,,91,74,,,61,69,,,150,70,,,137,81,,,84,80,,,75,79,,,110,85,,,53,74,,,129,74,,,,,,,,,,,,,,,,,,,,,,,Israel Start-Up Nation,,4,4,7,7,13,13,13,15,15,16,17,17,16,16,17,17,16,17,17,17,2021
183,Sánchez Luis León,184,184,,,83,179,,,42,110,,,50,49,,,30,43,,,126,69,,,37,67,,,34,61,,,64,62,75,,19,60,79,,31,43,81,,18,38,81,,27,38,82,,48,40,83,,35,38,82,,64,36,87,,40,37,88,,46,34,92,,25,31,92,,43,34,92,,30,33,93,,,,,,,,,,,,,,,,,,,,,,Astana - Premier Tech,,6,6,11,11,10,10,11,10,10,9,8,8,10,11,8,6,4,5,4,4,2021
